chain,protocol,asset,tvl_usd,apy_base,apy_reward,apy_total,rewardTokens,pool,apy_change_1d,apy_change_7d,apy_change_30d,is_stablecoin_flag,il_risk,token_exposure,predictions,poolMeta,mu,sigma,count,outlier,underlyingTokens,il7d,apyBase7d,apy_30d_avg,volumeUsd1d,volumeUsd7d,apyBaseInception,timestamp,date,collection_hour,apy_volatility,tvl_millions,tvl_log,tvl_category,sharpe_proxy,protocol_tier,chain_type,stable_type
Ethereum,aave-v3,USDT,2346664323,1.76862,,1.76862,,f981a304-bb6c-45b8-b0c5-fd2f515ad23a,0.02742,-0.08167,-1.06682,True,no,single,"{'predictedClass': 'Stable/Up', 'predictedProbability': 84, 'binnedConfidence': 3}",,4.67059,0.17493,1093,False,['0xdAC17F958D2ee523a2206206994597C13D831ec7'],,,2.54472,,,,2026-02-16T00:34:30.525160,2026-02-16,0,0.7760999999999998,2346.664323,21.5762607201523,>$100M,1.3859572133845313,Tier 1 - Blue Chip,L1 - Ethereum,Fiat-backed
Ethereum,aave-v3,USDC,1208384846,2.32975,,2.32975,,aa70268e-4b52-42bf-a116-608b370f9501,-0.00771,0.01057,-1.04315,True,no,single,"{'predictedClass': 'Stable/Up', 'predictedProbability': 79, 'binnedConfidence': 3}",,4.95078,0.16182,1103,False,['0xA0b86991c6218b36c1d19D4a2e9Eb0cE3606eB48'],,,3.28883,,,,2026-02-16T00:34:30.525160,2026-02-16,0,0.9590799999999997,1208.384846,20.912550467676223,>$100M,1.5967253337719665,Tier 1 - Blue Chip,L1 - Ethereum,Fiat-backed
Ethereum,aave-v3,RLUSD,421104681,0.89762,,0.89762,,85fc6934-c94d-4ebe-9c60-66beb363669f,-0.00057,-0.0469,-0.29685,True,no,single,"{'predictedClass': 'Stable/Up', 'predictedProbability': 55.00000000000001, 'binnedConfidence': 1}",,0.81172,0.01546,300,False,['0x8292Bb45bf1Ee4d140127049757C2E0fF06317eD'],,,1.09902,,,,2026-02-16T00:34:30.525160,2026-02-16,0,0.20140000000000013,421.104681,19.858392011569514,>$100M,1.2797547761619614,Tier 1 - Blue Chip,L1 - Ethereum,Decentralized
Ethereum,spark-savings,USDT,286076314,3.5,,3.5,,a5d67f7e-5b51-4a9d-969d-caf051a7f5a4,0.0,-0.5,-0.5,True,no,single,"{'predictedClass': 'Stable/Up', 'predictedProbability': 76, 'binnedConfidence': 3}",,3.9508,0.00698,56,False,['0xdAC17F958D2ee523a2206206994597C13D831ec7'],,,3.91458,,,,2026-02-16T00:34:30.525160,2026-02-16,0,0.41457999999999995,286.076314,19.47176916885416,>$100M,3.8268932187452167,Tier 2 - Established,L1 - Ethereum,Fiat-backed
Ethereum,aave-v3,SGHO,265302754,,,5.23647,,ff2a68af-030c-4697-b0a1-b62a738eaef0,0.01311,-0.02929,-0.23068,True,no,single,"{'predictedClass': 'Stable/Up', 'predictedProbability': 81, 'binnedConfidence': 3}",,14.01865,0.37268,650,False,['0x40D16FC0246aD3160Ccc09B8D0D3A2cD28aE6C2f'],,,5.31955,,,,2026-02-16T00:34:30.525160,2026-02-16,0,0.08307999999999982,265.302754,19.39638220352446,>$100M,8.98070590656514,Tier 1 - Blue Chip,L1 - Ethereum,Decentralized
Ethereum,spark-savings,USDC,229119729,4.0,,4.0,,c5c74dd1-995c-4445-9d84-3e710bad7d52,0.0,0.0,0.0,True,no,single,"{'predictedClass': 'Stable/Up', 'predictedProbability': 56.99999999999999, 'binnedConfidence': 1}",,4.0,0.0,56,False,['0xA0b86991c6218b36c1d19D4a2e9Eb0cE3606eB48'],,,4.0,,,,2026-02-16T00:34:30.525160,2026-02-16,0,0.0,229.119729,19.24975526331407,>$100M,8.0,Tier 2 - Established,L1 - Ethereum,Fiat-backed
Avalanche,spark-savings,USDC,137092734,4.0,,4.0,,e96cbd55-a0a0-446a-89ba-ada6e2991d50,0.0,0.0,0.0,True,no,single,"{'predictedClass': 'Stable/Up', 'predictedProbability': 55.00000000000001, 'binnedConfidence': 1}",,4.0,0.0,56,False,['0xB97EF9Ef8734C71904D8002F8b6Bc66Dd9c48a6E'],,,4.0,,,,2026-02-16T00:34:30.525160,2026-02-16,0,0.0,137.092734,18.736168152610624,>$100M,8.0,Tier 2 - Established,Sidechain,Fiat-backed
Ethereum,compound-v3,USDC,127860945,2.42936,0.10651,2.53587,['0xc00e94Cb662C3520282E6f5717214004A7f26888'],7da72d09-56ca-4ec5-a45f-59114353e487,-0.1173,-0.2714,-1.23519,True,no,single,"{'predictedClass': 'Stable/Up', 'predictedProbability': 87, 'binnedConfidence': 3}",,5.14475,0.15342,1222,False,['0xA0b86991c6218b36c1d19D4a2e9Eb0cE3606eB48'],,,3.33538,,,,2026-02-16T00:34:30.525160,2026-02-16,0,0.7995099999999997,127.860945,18.666453871992832,>$100M,1.9514047602557891,Tier 1 - Blue Chip,L1 - Ethereum,Fiat-backed
Ethereum,aave-v3,RLUSD,126386874,0.85242,,0.85242,,98d07333-f5e4-4a48-8061-cfb4b73ccf79,0.00016,0.02577,,True,no,single,"{'predictedClass': 'Stable/Up', 'predictedProbability': 81, 'binnedConfidence': 3}",horizon-market,0.97362,0.012,18,False,['0x8292Bb45bf1Ee4d140127049757C2E0fF06317eD'],,,1.00252,,,,2026-02-16T00:34:30.525160,2026-02-16,0,0.15010000000000012,126.386874,18.65485819726028,>$100M,1.3112136594370094,Tier 1 - Blue Chip,L1 - Ethereum,Decentralized
Ethereum,aave-v3,USDTB,125997001,0.67102,,0.67102,,baee0253-eb6e-4a08-a579-a2acd4f034b2,0.05821,0.10119,0.02721,True,no,single,"{'predictedClass': 'Stable/Up', 'predictedProbability': 80, 'binnedConfidence': 3}",,1.52988,0.04292,256,False,['0xC139190F447e929f090Edeb554D95AbB8b18aC1C'],,,0.59051,,,,2026-02-16T00:34:30.525160,2026-02-16,0,0.08050999999999997,125.997001,18.651768670981884,>$100M,1.1559146267936813,Tier 1 - Blue Chip,L1 - Ethereum,Fiat-backed
Arbitrum,aave-v3,USDC,109054854,1.82589,,1.82589,,d9fa8e14-0447-4207-9ae8-7810199dfa1f,0.01718,-0.43218,-0.84015,True,no,single,"{'predictedClass': 'Stable/Up', 'predictedProbability': 82, 'binnedConfidence': 3}",,5.46513,0.16628,962,False,['0xaf88d065e77c8cC2239327C5EDb3A432268e5831'],,,2.46401,,,,2026-02-16T00:34:30.525160,2026-02-16,0,0.63812,109.054854,18.507361570482878,>$100M,1.6043035883738095,Tier 1 - Blue Chip,L2 - Rollup,Fiat-backed
Ethereum,euler-v2,RLUSD,108443666,1.56701,6.4022,7.96921,['0x8292Bb45bf1Ee4d140127049757C2E0fF06317eD'],73e933a7-73b2-43ec-b1e9-d5d1d42ce2de,0.00027,-0.06822,0.33483,True,no,single,"{'predictedClass': 'Down', 'predictedProbability': 51, 'binnedConfidence': 1}",EVK Vault eRLUSD-7,9.9145,0.12263,140,False,['0x8292Bb45bf1Ee4d140127049757C2E0fF06317eD'],,,7.81119,,,,2026-02-16T00:34:30.525160,2026-02-16,0,0.1580200000000005,108.443666,18.50174139795807,>$100M,12.110893285918353,Tier 3 - Emerging,L1 - Ethereum,Decentralized
Ethereum,sparklend,USDT,73341816,2.91619,,2.91619,,8fbe28b8-140d-4e37-8804-5d2aba4daded,0.20748,1.17893,-1.11551,True,no,single,"{'predictedClass': 'Stable/Up', 'predictedProbability': 75, 'binnedConfidence': 3}",,4.60266,0.12638,767,False,['0xdAC17F958D2ee523a2206206994597C13D831ec7'],,,2.85698,,,,2026-02-16T00:34:30.525160,2026-02-16,0,0.05920999999999976,73.341816,18.110641495321012,$10-100M,5.21483879043651,Tier 2 - Established,L1 - Ethereum,Fiat-backed
Ethereum,compound-v3,USDT,72722507,2.33198,0.11065,2.44263,['0xc00e94Cb662C3520282E6f5717214004A7f26888'],f4d5b566-e815-4ca2-bb07-7bcd8bc797f1,0.03518,0.34834,-0.92708,True,no,single,"{'predictedClass': 'Stable/Up', 'predictedProbability': 96, 'binnedConfidence': 3}",,5.44714,0.16641,499,False,['0xdAC17F958D2ee523a2206206994597C13D831ec7'],,,2.86212,,,,2026-02-16T00:34:30.525160,2026-02-16,0,0.41949000000000014,72.722507,18.10216149568763,$10-100M,2.6565052365985484,Tier 1 - Blue Chip,L1 - Ethereum,Fiat-backed
Base,aave-v3,USDC,67533577,3.5194,,3.5194,,7e0661bf-8cf3-45e6-9424-31916d4c7b84,-0.18662,-0.19618,0.02329,True,no,single,"{'predictedClass': 'Down', 'predictedProbability': 51, 'binnedConfidence': 1}",,5.23925,0.13363,708,False,['0x833589fCD6eDb6E08f4c7C32D4f71b54bdA02913'],,,3.7937,,,,2026-02-16T00:34:30.525160,2026-02-16,0,0.27429999999999977,67.533577,18.028135484006455,$10-100M,4.54526669249645,Tier 1 - Blue Chip,L2 - Rollup,Fiat-backed
Cronos,tectonic,USDC,54862510,0.11432,0.00268,0.117,['0xdd73dea10abc2bff99c60882ec5b2b81bb1dc5b2'],0c3c1b07-7c36-4fbb-8e71-226e02bf15c1,-0.00012,-0.0007,-0.03135,True,no,single,"{'predictedClass': 'Stable/Up', 'predictedProbability': 72, 'binnedConfidence': 2}",,1.85062,0.0455,1282,False,['0xc21223249CA28397B4B6541dfFaEcC539BfF0c59'],,,0.13436,,,,2026-02-16T00:34:30.525160,2026-02-16,0,0.01736,54.86251,17.82034081347986,$10-100M,0.22614813669398484,Tier 4 - New/Niche,Other,Fiat-backed
Ethereum,aave-v3,DAI,48968986,1.92005,,1.92005,,3665ee7e-6c5d-49d9-abb7-c47ab5d9d4ac,-0.00547,-0.42437,-0.20231,True,no,single,"{'predictedClass': 'Stable/Up', 'predictedProbability': 87, 'binnedConfidence': 3}",,4.60027,0.17061,1103,False,['0x6B175474E89094C44Da98b954EedeAC495271d0F'],,,2.25565,,,,2026-02-16T00:34:30.525160,2026-02-16,0,0.3356000000000001,48.968986,17.70669773733017,$10-100M,2.297809956917185,Tier 1 - Blue Chip,L1 - Ethereum,Decentralized
Cronos,tectonic,USDT,44179383,0.14918,0.00048,0.14966,['0xdd73dea10abc2bff99c60882ec5b2b81bb1dc5b2'],b37c26c3-848f-45f0-bd75-af97f1674a4d,2e-05,-7e-05,-0.00261,True,no,single,"{'predictedClass': 'Stable/Up', 'predictedProbability': 82, 'binnedConfidence': 3}",,1.54943,0.03704,1282,False,['0x66e428c3f67a68878562e79A0234c1F83c208770'],,,0.15116,,,,2026-02-16T00:34:30.525160,2026-02-16,0,0.0015000000000000013,44.179383,17.603768812898426,$10-100M,0.2984247258225323,Tier 4 - New/Niche,Other,Fiat-backed
Ethereum,euler-v2,USDC,41269468,5.12672,,5.12672,,0fde8996-ecdf-441c-94a9-ec67403e9b8c,-0.05792,-0.10381,0.609,True,no,single,"{'predictedClass': 'Down', 'predictedProbability': 59, 'binnedConfidence': 1}",EVK Vault eUSDC-80,4.74349,0.04065,101,False,['0xA0b86991c6218b36c1d19D4a2e9Eb0cE3606eB48'],,,4.89693,,,,2026-02-16T00:34:30.525160,2026-02-16,0,0.2297899999999995,41.269468,17.535633535157015,$10-100M,7.024924978418453,Tier 3 - Emerging,L1 - Ethereum,Fiat-backed
Avalanche,aave-v3,USDT,33763398,1.38911,,1.38911,,e6692d08-85b6-4b50-952b-7c5c531862fe,0.0249,-0.193,-0.6892,True,no,single,"{'predictedClass': 'Stable/Up', 'predictedProbability': 71, 'binnedConfidence': 2}",,4.39365,0.18484,1129,False,['0x9702230A8Ea53601f5cD2dc00fDBc13d4dF4A8c7'],,,1.98272,,,,2026-02-16T00:34:30.525160,2026-02-16,0,0.59361,33.763398,17.33488790390363,$10-100M,1.2702060149413412,Tier 1 - Blue Chip,Sidechain,Fiat-backed
Ethereum,euler-v2,USDC,31370135,4.2051,,4.2051,,31a0cd94-b781-4e0d-a9f1-1702bc2c238f,0.21455,-0.60535,-0.12859,True,no,single,"{'predictedClass': 'Stable/Up', 'predictedProbability': 73, 'binnedConfidence': 2}",EVK Vault eUSDC-70,5.78488,0.05959,138,False,['0xA0b86991c6218b36c1d19D4a2e9Eb0cE3606eB48'],,,4.65111,,,,2026-02-16T00:34:30.525160,2026-02-16,0,0.44601000000000024,31.370135,17.26136691550971,$10-100M,4.445090432447858,Tier 3 - Emerging,L1 - Ethereum,Fiat-backed
Avalanche,aave-v3,USDC,28124461,2.68009,,2.68009,,c4b05318-88af-4536-a834-f5fc8940d2d3,-0.02419,0.08555,-1.18868,True,no,single,"{'predictedClass': 'Stable/Up', 'predictedProbability': 79, 'binnedConfidence': 3}",,4.42019,0.19223,1129,False,['0xB97EF9Ef8734C71904D8002F8b6Bc66Dd9c48a6E'],,,3.244,,,,2026-02-16T00:34:30.525160,2026-02-16,0,0.5639100000000004,28.124461,17.15215028941701,$10-100M,2.519094660262615,Tier 1 - Blue Chip,Sidechain,Fiat-backed
Ethereum,aave-v3,EURC,28077278,2.48872,,2.48872,,bdcf8682-1d72-42a7-b23e-f56d666dd10e,-0.02902,0.6414,-0.62104,True,no,single,"{'predictedClass': 'Stable/Up', 'predictedProbability': 76, 'binnedConfidence': 3}",,3.20533,0.05873,229,False,['0x1aBaEA1f7C830bD89Acc67eC4af516284b1bC33c'],,,2.92083,,,,2026-02-16T00:34:30.525160,2026-02-16,0,0.4321100000000002,28.077278,17.15047123071721,$10-100M,2.669985302163907,Tier 1 - Blue Chip,L1 - Ethereum,Fiat-backed
Polygon,aave-v3,USDT0,21823372,2.06225,,2.06225,,7e7821a2-3d20-4ae7-9c3d-04cd57904555,0.0177,-0.04774,-0.48276,True,no,single,"{'predictedClass': 'Stable/Up', 'predictedProbability': 89, 'binnedConfidence': 3}",,4.74023,0.17,1281,False,['0xc2132D05D31c914a87C6611C10748AEb04B58e8F'],,,2.43375,,,,2026-02-16T00:34:30.525160,2026-02-16,0,0.3714999999999997,21.823372,16.898492109373905,$10-100M,2.3663224325874936,Tier 1 - Blue Chip,Sidechain,Fiat-backed
Polygon,aave-v3,USDC,20595644,2.05305,,2.05305,,1b8b4cdb-0728-42a8-bf13-2c8fea7427ee,-0.00912,0.27446,-0.94393,True,no,single,"{'predictedClass': 'Stable/Up', 'predictedProbability': 90, 'binnedConfidence': 3}",,5.60889,0.15209,786,False,['0x3c499c542cEF5E3811e1192ce70d8cC03d5c3359'],,,2.52184,,,,2026-02-16T00:34:30.525160,2026-02-16,0,0.46879000000000026,20.595644,16.840590203643046,$10-100M,2.119189917319542,Tier 1 - Blue Chip,Sidechain,Fiat-backed
Base,aave-v3,EURC,18873133,0.44665,,0.44665,,6652ed18-d327-46cd-9bac-08e0e14ea715,0.02185,-1.02586,-0.84581,True,no,single,"{'predictedClass': 'Down', 'predictedProbability': 61, 'binnedConfidence': 2}",,2.54364,0.05452,342,False,['0x60a3E35Cc302bFA44Cb288Bc5a4F316Fdb1adb42'],,,1.2072,,,,2026-02-16T00:34:30.525160,2026-02-16,0,0.7605500000000001,18.873133,16.753249987285148,$10-100M,0.35432945936297644,Tier 1 - Blue Chip,L2 - Rollup,Fiat-backed
Ethereum,aave-v3,USDC,16465901,2.44084,,2.44084,,27296bf9-617a-46e4-9d6d-eefc71e9e0b6,-0.01709,-0.61944,,True,no,single,"{'predictedClass': 'Stable/Up', 'predictedProbability': 72, 'binnedConfidence': 2}",horizon-market,3.58612,0.03837,18,False,['0xA0b86991c6218b36c1d19D4a2e9Eb0cE3606eB48'],,,3.54503,,,,2026-02-16T00:34:30.525160,2026-02-16,0,1.10419,16.465901,16.616802255164835,$10-100M,1.5215404659049117,Tier 1 - Blue Chip,L1 - Ethereum,Fiat-backed
Base,moonwell-lending,USDC,9515323,2.42151,0.74437,3.16588,['0xA88594D404727625A9437C3f886C7643872296AE'],69cf831d-624a-4f23-b5e3-c0f63ad1fa01,-0.31963,-0.7921,-1.47416,True,no,single,"{'predictedClass': 'Stable/Up', 'predictedProbability': 83, 'binnedConfidence': 3}",,7.68013,0.20888,831,False,['0x833589fcd6edb6e08f4c7c32d4f71b54bda02913'],,,3.84574,,,,2026-02-16T00:34:30.525160,2026-02-16,0,0.6798600000000001,9.515323,16.068414109630282,$1-10M,2.683267506314308,Tier 4 - New/Niche,L2 - Rollup,Fiat-backed
Arbitrum,euler-v2,USDC,9360844,3.70929,,3.70929,,da45ac62-f5e8-4692-b939-cb4a085baa43,,,,True,no,single,"{'predictedClass': None, 'predictedProbability': None, 'binnedConfidence': None}",Euler Earn USDC,3.70929,0.0,1,False,['0xaf88d065e77c8cC2239327C5EDb3A432268e5831'],,,3.94957,,,,2026-02-16T00:34:30.525160,2026-02-16,0,0.24027999999999983,9.360844,16.05204612215676,$1-10M,5.010658129356461,Tier 3 - Emerging,L2 - Rollup,Fiat-backed
Arbitrum,compound-v3,USDC,9214159,2.3837,0.39091,2.77461,['0x354A6dA3fcde098F8389cad84b0182725c6C91dE'],d9c395b9-00d0-4426-a6b3-572a6dd68e54,-0.03456,0.00913,-0.59274,True,no,single,"{'predictedClass': 'Stable/Up', 'predictedProbability': 86, 'binnedConfidence': 3}",,6.42317,0.14955,864,False,['0xaf88d065e77c8cC2239327C5EDb3A432268e5831'],,,3.18675,,,,2026-02-16T00:34:30.525160,2026-02-16,0,0.41213999999999995,9.214159,16.03625198920676,$1-10M,3.041868572806806,Tier 1 - Blue Chip,L2 - Rollup,Fiat-backed
Avalanche,benqi-lending,USDC,8846492,3.07536,0.0,3.07536,"['0x8729438eb15e2c8b576fcc6aecda6a148776c0f5', '0xb31f66aa3c1e785363f0875a1b74e27b85fd66c7']",ff59b165-64e0-4868-a6db-6049b5135358,0.1244,-0.35333,-1.94079,True,no,single,"{'predictedClass': 'Stable/Up', 'predictedProbability': 88, 'binnedConfidence': 3}",,6.54256,0.20552,1284,False,['0xB97EF9Ef8734C71904D8002F8b6Bc66Dd9c48a6E'],,,4.13823,,,,2026-02-16T00:34:30.525160,2026-02-16,0,1.0628700000000002,8.846492,15.995531667261497,$1-10M,1.9677644333821747,Tier 3 - Emerging,Sidechain,Fiat-backed
Ethereum,sparklend,USDC,8176010,3.77115,,3.77115,,65ce8276-b4d9-41ba-9f6f-21fc374cf9bc,-0.00089,0.63605,-0.18911,True,no,single,"{'predictedClass': 'Stable/Up', 'predictedProbability': 79, 'binnedConfidence': 3}",,5.54877,0.16228,838,False,['0xA0b86991c6218b36c1d19D4a2e9Eb0cE3606eB48'],,,3.63539,,,,2026-02-16T00:34:30.525160,2026-02-16,0,0.13575999999999988,8.17601,15.916714936825892,$1-10M,5.931719516798793,Tier 2 - Established,L1 - Ethereum,Fiat-backed
Avalanche,euler-v2,USDC,7447124,5.29887,,5.29887,,e1db168e-7c9d-4285-9d3f-ba83a9ecf105,,,,True,no,single,"{'predictedClass': None, 'predictedProbability': None, 'binnedConfidence': None}",9Summits USDC,5.29887,0.0,1,False,['0xB97EF9Ef8734C71904D8002F8b6Bc66Dd9c48a6E'],,,5.42255,,,,2026-02-16T00:34:30.525160,2026-02-16,0,0.12368000000000023,7.447124,15.823338609834575,$1-10M,8.496135838891735,Tier 3 - Emerging,Sidechain,Fiat-backed
Optimism,aave-v3,USDC,7230170,1.92915,,1.92915,,0758c3b8-4ffb-4176-b0a9-f446e367db46,0.01116,0.04758,-0.80347,True,no,single,"{'predictedClass': 'Stable/Up', 'predictedProbability': 88, 'binnedConfidence': 3}",,5.86073,0.18802,809,False,['0x0b2C639c533813f4Aa9D7837CAf62653d097Ff85'],,,2.65232,,,,2026-02-16T00:34:30.525160,2026-02-16,0,0.7231700000000001,7.23017,15.793773245307538,$1-10M,1.577172429016408,Tier 1 - Blue Chip,L2 - Rollup,Fiat-backed
Arbitrum,compound-v3,USDT,6781455,2.42306,0.40382,2.82688,['0x354A6dA3fcde098F8389cad84b0182725c6C91dE'],85247b13-8180-44e7-b38c-4d324cc68a92,0.07844,0.23725,-0.19026,True,no,single,"{'predictedClass': 'Stable/Up', 'predictedProbability': 82, 'binnedConfidence': 3}",,4.53712,0.12785,588,False,['0xFd086bC7CD5C481DCC9C85ebE478A1C0b69FCbb9'],,,2.91521,,,,2026-02-16T00:34:30.525160,2026-02-16,0,0.08833000000000002,6.781455,15.729702386123792,$1-10M,4.804922407492394,Tier 1 - Blue Chip,L2 - Rollup,Fiat-backed
Gnosis,aave-v3,USDC.E,4440078,1.30888,,1.30888,,461505e0-e631-4af0-b0e9-6a861d917939,0.01479,0.1472,-1.28434,True,no,single,"{'predictedClass': 'Stable/Up', 'predictedProbability': 82, 'binnedConfidence': 3}",,2.74763,0.04615,557,False,['0x2a22f9c3b484c3629090FeED35F17Ff8F88f76F0'],,,1.98314,,,,2026-02-16T00:34:30.525160,2026-02-16,0,0.6742599999999999,4.440078,15.306182727042911,$1-10M,1.114642413094204,Tier 1 - Blue Chip,Sidechain,Fiat-backed
Ethereum,silo-v2,USDC,3734212,1.62211,,1.62211,,7105734d-9cc9-4c85-b54b-404c86c843fb,,-1.86428,,True,no,single,"{'predictedClass': 'Stable/Up', 'predictedProbability': 85, 'binnedConfidence': 3}",181,3.5393,0.07483,19,False,['0xA0b86991c6218b36c1d19D4a2e9Eb0cE3606eB48'],,,3.61339,,,,2026-02-16T00:34:30.525160,2026-02-16,0,1.99128,3.734212,15.133047644842003,$1-10M,0.6511150894319386,Tier 4 - New/Niche,L1 - Ethereum,Fiat-backed
Ethereum,euler-v2,USDC,3146716,0.1756,,0.1756,,c1424055-1eb4-4c25-a30a-ebb0340dfd56,,,,True,no,single,"{'predictedClass': None, 'predictedProbability': None, 'binnedConfidence': None}",Earn USDC,0.1756,0.0,1,False,['0xA0b86991c6218b36c1d19D4a2e9Eb0cE3606eB48'],,,0.1756,,,,2026-02-16T00:34:30.525160,2026-02-16,0,0.0,3.146716,14.961870245088354,$1-10M,0.3512,Tier 3 - Emerging,L1 - Ethereum,Fiat-backed
Linea,aave-v3,USDC,3056698,1.59778,,1.59778,,5a49dee1-344d-4b50-a167-8f5faab08752,-0.24869,-0.69808,-1.32471,True,no,single,"{'predictedClass': 'Stable/Up', 'predictedProbability': 71, 'binnedConfidence': 2}",,2.98509,0.06269,343,False,['0x176211869cA2b568f2A7D4EE941E073a821EE1ff'],,,3.20742,,,,2026-02-16T00:34:30.525160,2026-02-16,0,1.60964,3.056698,14.932846133480238,$1-10M,0.757370925845168,Tier 1 - Blue Chip,L2 - Rollup,Fiat-backed
Avalanche,euler-v2,USDT,2954290,31.00757,,31.00757,,1230754d-3438-487d-aa02-eacc1f2f6fc3,,,,True,no,single,"{'predictedClass': None, 'predictedProbability': None, 'binnedConfidence': None}",K3 USDT Earn Vault,31.00757,0.0,1,False,['0x9702230A8Ea53601f5cD2dc00fDBc13d4dF4A8c7'],,,31.00674,,,,2026-02-16T00:34:30.525160,2026-02-16,0,0.0008300000000005525,2.95429,14.898769247715867,$1-10M,61.91236547331423,Tier 3 - Emerging,Sidechain,Fiat-backed
Avalanche,benqi-lending,USDT,2943816,3.52096,0.0,3.52096,"['0x8729438eb15e2c8b576fcc6aecda6a148776c0f5', '0xb31f66aa3c1e785363f0875a1b74e27b85fd66c7']",d5e3d09c-f681-46cb-932c-8d6fe1ff1487,0.04278,0.15202,-1.60625,True,no,single,"{'predictedClass': 'Stable/Up', 'predictedProbability': 82, 'binnedConfidence': 3}",,6.92229,0.20715,1284,False,['0x9702230A8Ea53601f5cD2dc00fDBc13d4dF4A8c7'],,,3.91496,,,,2026-02-16T00:34:30.525160,2026-02-16,0,0.39400000000000013,2.943816,14.895217596572785,$1-10M,3.9384340044742725,Tier 3 - Emerging,Sidechain,Fiat-backed
Avalanche,euler-v2,USDC,2891703,0.17645,,0.17645,,442e7f38-f770-41ac-9905-0957a23e5f2e,,,,True,no,single,"{'predictedClass': None, 'predictedProbability': None, 'binnedConfidence': None}",Re7 USDC,0.17645,0.0,1,False,['0xB97EF9Ef8734C71904D8002F8b6Bc66Dd9c48a6E'],,,0.17645,,,,2026-02-16T00:34:30.525160,2026-02-16,0,0.0,2.891703,14.877356505708569,$1-10M,0.3529,Tier 3 - Emerging,Sidechain,Fiat-backed
Optimism,aave-v3,USDT,2734224,1.82737,,1.82737,,bde08c85-41c5-4d80-9bb1-0835a4352efa,-0.01752,-0.07186,-0.43953,True,no,single,"{'predictedClass': 'Stable/Up', 'predictedProbability': 84, 'binnedConfidence': 3}",,5.15212,0.21854,1281,False,['0x94b008aA00579c1307B0EF2c499aD98a8ce58e58'],,,2.43061,,,,2026-02-16T00:34:30.525160,2026-02-16,0,0.6032400000000002,2.734224,14.821358589880552,$1-10M,1.6563667017149484,Tier 1 - Blue Chip,L2 - Rollup,Fiat-backed
Avalanche,aave-v3,DAI.E,2613772,0.92275,,0.92275,,3e669ce8-74c5-4fc9-bf85-f40a924c6407,0.00545,0.0127,-0.3498,True,no,single,"{'predictedClass': 'Stable/Up', 'predictedProbability': 60, 'binnedConfidence': 1}",,3.47893,0.16137,1129,False,['0xd586E7F844cEa2F87f50152665BCbc2C279D8d70'],,,1.1128,,,,2026-02-16T00:34:30.525160,2026-02-16,0,0.19005000000000005,2.613772,14.776305329303671,$1-10M,1.3372219404390984,Tier 1 - Blue Chip,Sidechain,Decentralized
Ethereum,aave-v3,USDC,2025434,2.11427,,2.11427,,effcb4a4-4dcb-45e5-935d-f15542c13e6b,-0.04746,-0.62822,-1.53704,True,no,single,"{'predictedClass': 'Stable/Up', 'predictedProbability': 79, 'binnedConfidence': 3}",lido-market,4.56879,0.12491,465,False,['0xA0b86991c6218b36c1d19D4a2e9Eb0cE3606eB48'],,,2.95294,,,,2026-02-16T00:34:30.525160,2026-02-16,0,0.83867,2.025434,14.521295050268193,$1-10M,1.5793810274376805,Tier 1 - Blue Chip,L1 - Ethereum,Fiat-backed
Polygon,aave-v3,DAI,1954487,2.76318,,2.76318,,c57bdc97-3100-41ff-845f-075363f6f5a4,-0.21532,-0.0137,-0.77609,True,no,single,"{'predictedClass': 'Stable/Up', 'predictedProbability': 83, 'binnedConfidence': 3}",,4.44943,0.18516,1281,False,['0x8f3Cf7ad23Cd3CaDbD9735AFf958023239c6A063'],,,3.28474,,,,2026-02-16T00:34:30.525160,2026-02-16,0,0.52156,1.954487,14.485638824518631,$1-10M,2.704863150475743,Tier 1 - Blue Chip,Sidechain,Decentralized
Avalanche,euler-v2,USDC,1821133,5.29887,,5.29887,,059fa0e6-7402-498c-bfa8-561baf4e82ec,-0.14571,-1.51092,-4.20407,True,no,single,"{'predictedClass': 'Stable/Up', 'predictedProbability': 53, 'binnedConfidence': 1}",EVK Vault eUSDC-19,7.28765,0.15042,115,False,['0xB97EF9Ef8734C71904D8002F8b6Bc66Dd9c48a6E'],,,8.03665,,,,2026-02-16T00:34:30.525160,2026-02-16,0,2.73778,1.821133,14.414969941944223,$1-10M,1.6365750606897318,Tier 3 - Emerging,Sidechain,Fiat-backed
Base,compound-v3,USDC,1712094,2.99592,0.67169,3.66761,['0x9e1028F5F1D5eDE59748FFceE5532509976840E0'],0c8567f8-ba5b-41ad-80de-00a71895eb19,0.34245,0.45063,-0.13615,True,no,single,"{'predictedClass': 'Stable/Up', 'predictedProbability': 76, 'binnedConfidence': 3}",,6.38987,0.14484,689,False,['0x833589fcd6edb6e08f4c7c32d4f71b54bda02913'],,,3.71688,,,,2026-02-16T00:34:30.525160,2026-02-16,0,0.04927000000000037,1.712094,14.353228324798481,$1-10M,6.677244342490938,Tier 1 - Blue Chip,L2 - Rollup,Fiat-backed
Arbitrum,euler-v2,USDC,1585538,1.48913,,1.48913,,ea0477f6-4ead-4339-926d-eeff9e11580b,-1.67819,-1.88194,-1.31181,True,no,single,"{'predictedClass': 'Stable/Up', 'predictedProbability': 88, 'binnedConfidence': 3}",EVK Vault eUSDC-5,5.40043,0.15651,164,False,['0xaf88d065e77c8cC2239327C5EDb3A432268e5831'],,,5.06358,,,,2026-02-16T00:34:30.525160,2026-02-16,0,3.5744499999999997,1.585538,14.276434970576652,$1-10M,0.36548000343604664,Tier 3 - Emerging,L2 - Rollup,Fiat-backed
Polygon,aave-v3,EURS,1569400,0.01801,,0.01801,,e95cadc3-0ea7-4932-9b80-a8baba80eff4,-4e-05,-1.18774,-2.75274,True,no,single,"{'predictedClass': 'Stable/Up', 'predictedProbability': 83, 'binnedConfidence': 3}",,3.39005,0.19908,1279,False,['0xE111178A87A3BFf0c8d18DECBa5798827539Ae99'],,,2.07055,,,,2026-02-16T00:34:30.525160,2026-02-16,0,2.05254,1.5694,14.266204575861492,$1-10M,0.007055717050467378,Tier 1 - Blue Chip,Sidechain,Other
Avalanche,silo-v2,USDC,1560684,4.81153,,4.81153,,7cee66c5-4e83-4beb-8b4d-2c2fd62813c5,,-1.36025,,True,no,single,"{'predictedClass': 'Stable/Up', 'predictedProbability': 82, 'binnedConfidence': 3}",142,9.8827,0.22711,127,False,['0xB97EF9Ef8734C71904D8002F8b6Bc66Dd9c48a6E'],,,8.07879,,,,2026-02-16T00:34:30.525160,2026-02-16,0,3.2672599999999994,1.560684,14.260635385412504,$1-10M,1.2771961584812306,Tier 4 - New/Niche,Sidechain,Fiat-backed
Ethereum,euler-v2,USDC,1309780,2.60194,,2.60194,,fa68041a-2ce5-4ee5-88a0-ec5185f0bdb7,0.00041,0.17263,-1.49581,True,no,single,"{'predictedClass': 'Stable/Up', 'predictedProbability': 91, 'binnedConfidence': 3}",EVK Vault eUSDC-22,6.85218,0.18016,408,False,['0xA0b86991c6218b36c1d19D4a2e9Eb0cE3606eB48'],,,2.7523,,,,2026-02-16T00:34:30.525160,2026-02-16,0,0.15036000000000005,1.30978,14.085370505629422,$1-10M,4.000768804969555,Tier 3 - Emerging,L1 - Ethereum,Fiat-backed
Optimism,compound-v3,USDC,1208037,2.39916,0.52566,2.92482,['0x7e7d4467112689329f7E06571eD0E8CbAd4910eE'],b828f0cb-853d-4b32-aebb-2e20d7fd70a8,0.01104,0.20273,-0.28935,True,no,single,"{'predictedClass': 'Stable/Up', 'predictedProbability': 79, 'binnedConfidence': 3}",,5.75496,0.13835,588,False,['0x0b2C639c533813f4Aa9D7837CAf62653d097Ff85'],,,3.16169,,,,2026-02-16T00:34:30.525160,2026-02-16,0,0.23687000000000014,1.208037,14.00450811393578,$1-10M,3.969248307028376,Tier 1 - Blue Chip,L2 - Rollup,Fiat-backed
Avalanche,euler-v2,USDC,1191700,5.82472,,5.82472,,c695f0a3-bd6d-443f-b1c8-60f8142daeee,,,,True,no,single,"{'predictedClass': None, 'predictedProbability': None, 'binnedConfidence': None}",Turtle USDC,5.82472,0.0,1,False,['0xB97EF9Ef8734C71904D8002F8b6Bc66Dd9c48a6E'],,,5.82472,,,,2026-02-16T00:34:30.525160,2026-02-16,0,0.0,1.1917,13.990892256215913,$1-10M,11.64944,Tier 3 - Emerging,Sidechain,Fiat-backed
Arbitrum,aave-v3,DAI,1104942,2.36092,,2.36092,,a8e3d841-2788-4647-ad54-5a36fac451b1,-0.00019,-0.0718,0.33387,True,no,single,"{'predictedClass': 'Stable/Up', 'predictedProbability': 81, 'binnedConfidence': 3}",,4.27388,0.19983,1281,False,['0xDA10009cBd5D07dd0CeCc66161FC93D7c9000da1'],,,2.3379,,,,2026-02-16T00:34:30.525160,2026-02-16,0,0.023020000000000262,1.104942,13.915304307893098,$1-10M,4.514014760429809,Tier 1 - Blue Chip,L2 - Rollup,Decentralized
Arbitrum,euler-v2,USDC,1100566,4.19327,,4.19327,,91a13ad5-0687-4d6f-a789-da86b149d817,-0.07159,-0.31572,-1.88246,True,no,single,"{'predictedClass': 'Stable/Up', 'predictedProbability': 78, 'binnedConfidence': 3}",EVK Vault eUSDC-6,7.66699,0.2234,155,False,['0xaf88d065e77c8cC2239327C5EDb3A432268e5831'],,,6.37391,,,,2026-02-16T00:34:30.525160,2026-02-16,0,2.1806400000000004,1.100566,13.911336059512992,$1-10M,1.564279425808762,Tier 3 - Emerging,L2 - Rollup,Fiat-backed
Optimism,compound-v3,USDT,1063246,2.65465,0.94035,3.595,['0x7e7d4467112689329f7E06571eD0E8CbAd4910eE'],8d208be9-5455-48f9-89ba-1113f3f875ea,0.02353,0.24006,-0.09862,True,no,single,"{'predictedClass': 'Stable/Up', 'predictedProbability': 79, 'binnedConfidence': 3}",,5.99139,0.14766,588,False,['0x94b008aA00579c1307B0EF2c499aD98a8ce58e58'],,,3.57866,,,,2026-02-16T00:34:30.525160,2026-02-16,0,0.01634000000000002,1.063246,13.876837991574162,$1-10M,6.9624665917806094,Tier 1 - Blue Chip,L2 - Rollup,Fiat-backed
Ethereum,silo-v2,USDC,1042283,2.67146,,2.67146,,3313ec0f-ed24-4d37-bdf8-9b26264785a4,,-1.61819,,True,no,single,"{'predictedClass': 'Down', 'predictedProbability': 50, 'binnedConfidence': 1}",178,2.69335,0.08025,30,False,['0xA0b86991c6218b36c1d19D4a2e9Eb0cE3606eB48'],,,3.68075,,,,2026-02-16T00:34:30.525160,2026-02-16,0,1.00929,1.042283,13.856925016942796,$1-10M,1.7700110648053058,Tier 4 - New/Niche,L1 - Ethereum,Fiat-backed
Gnosis,sparklend,WXDAI,999853,0.1384,,0.1384,,b5016961-230e-4238-9ca6-1123a5f92333,1e-05,-0.02643,-0.76564,True,no,single,"{'predictedClass': 'Stable/Up', 'predictedProbability': 91, 'binnedConfidence': 3}",,5.89028,0.13705,740,False,['0xe91D153E0b41518A2Ce8Dd3D7944Fa863463a97d'],,,0.63032,,,,2026-02-16T00:34:30.525160,2026-02-16,0,0.49192,0.999853,13.815364547305236,<$1M,0.1395273812404226,Tier 2 - Established,Sidechain,Decentralized
Optimism,aave-v3,USDC,983922,1.39672,,1.39672,,24762515-822a-46af-927c-77a1dc449bd0,0.00031,0.08414,-0.20071,True,no,single,"{'predictedClass': 'Stable/Up', 'predictedProbability': 81, 'binnedConfidence': 3}",,3.58367,0.16388,1281,False,['0x7F5c764cBc14f9669B88837ca1490cCa17c31607'],,,1.49428,,,,2026-02-16T00:34:30.525160,2026-02-16,0,0.09756000000000009,0.983922,13.79930292094002,<$1M,2.337371979382823,Tier 1 - Blue Chip,L2 - Rollup,Fiat-backed
Polygon,aave-v3,USDC,983439,2.78096,,2.78096,,37b04faa-95bb-4ccb-9c4e-c70fa167342b,0.32147,0.16879,-0.41687,True,no,single,"{'predictedClass': 'Stable/Up', 'predictedProbability': 74, 'binnedConfidence': 2}",,4.06159,0.17981,1281,False,['0x2791Bca1f2de4661ED88A30C99A7a9449Aa84174'],,,3.50816,,,,2026-02-16T00:34:30.525160,2026-02-16,0,0.7272000000000003,0.983439,13.798811908341223,<$1M,2.2661016949152537,Tier 1 - Blue Chip,Sidechain,Fiat-backed
Gnosis,aave-v3,WXDAI,957487,1.98898,,1.98898,,21091399-1187-4242-8e03-9b06032f9a8f,-0.45531,-0.54151,-0.36321,True,no,single,"{'predictedClass': 'Stable/Up', 'predictedProbability': 95, 'binnedConfidence': 3}",,4.42884,0.11626,751,False,['0xe91D153E0b41518A2Ce8Dd3D7944Fa863463a97d'],,,2.14334,,,,2026-02-16T00:34:30.525160,2026-02-16,0,0.15435999999999983,0.957487,13.772068467321327,<$1M,3.039580658964485,Tier 1 - Blue Chip,Sidechain,Decentralized
Arbitrum,euler-v2,USDC,956223,5.23275,,5.23275,,85f878ab-9ae3-4524-afa5-f1356dfb361f,-0.51164,-0.75915,-0.59376,True,no,single,"{'predictedClass': 'Stable/Up', 'predictedProbability': 52, 'binnedConfidence': 1}",EVK Vault eUSDC-2,6.06693,0.16927,176,False,['0xaf88d065e77c8cC2239327C5EDb3A432268e5831'],,,6.54445,,,,2026-02-16T00:34:30.525160,2026-02-16,0,1.3117,0.956223,13.770747474210756,<$1M,2.888309322735552,Tier 3 - Emerging,L2 - Rollup,Fiat-backed
Linea,aave-v3,USDT,934268,1.50335,,1.50335,,6817bab0-5389-40a0-84d1-78830c1d81aa,-0.03924,-0.01874,-0.85441,True,no,single,"{'predictedClass': 'Stable/Up', 'predictedProbability': 69, 'binnedConfidence': 2}",,3.06915,0.06717,343,False,['0xA219439258ca9da29E9Cc4cE5596924745e12B93'],,,2.40534,,,,2026-02-16T00:34:30.525160,2026-02-16,0,0.9019899999999998,0.934268,13.747519684309784,<$1M,1.0722972346450403,Tier 1 - Blue Chip,L2 - Rollup,Fiat-backed
Ethereum,euler-v2,USDT,852571,2.38532,,2.38532,,8e41ef65-c599-4750-82a6-b284ddd33635,3e-05,0.17349,-1.43058,True,no,single,"{'predictedClass': 'Stable/Up', 'predictedProbability': 89, 'binnedConfidence': 3}",EVK Vault eUSDT-9,6.87447,0.18668,396,False,['0xdAC17F958D2ee523a2206206994597C13D831ec7'],,,2.63433,,,,2026-02-16T00:34:30.525160,2026-02-16,0,0.24900999999999973,0.852571,13.656012942051483,<$1M,3.18463037876664,Tier 3 - Emerging,L1 - Ethereum,Fiat-backed
Polygon,compound-v3,USDC,830036,2.52139,0.0,2.52139,['0x8505b9d2254A7Ae468c0E9dd10Ccea3A837aef5c'],a17d8b32-48cb-4446-aad7-ed4278f144e0,-0.05909,0.02438,0.29966,True,no,single,"{'predictedClass': 'Stable/Up', 'predictedProbability': 96, 'binnedConfidence': 3}",,6.84129,0.21623,1004,False,['0x2791Bca1f2de4661ED88A30C99A7a9449Aa84174'],,,3.67509,,,,2026-02-16T00:34:30.525160,2026-02-16,0,1.1537000000000002,0.830036,13.62922555709245,<$1M,1.5246961359375941,Tier 1 - Blue Chip,Sidechain,Fiat-backed
Arbitrum,aave-v3,USDC,817617,1.70694,,1.70694,,7aab7b0f-01c1-4467-bc0d-77826d870f19,0.00433,-0.07655,-0.87262,True,no,single,"{'predictedClass': 'Stable/Up', 'predictedProbability': 84, 'binnedConfidence': 3}",,3.76389,0.16677,1281,False,['0xFF970A61A04b1cA14834A43f5dE4533eBDDB5CC8'],,,2.08281,,,,2026-02-16T00:34:30.525160,2026-02-16,0,0.3758699999999999,0.817617,13.614150513844814,<$1M,1.9488508568623197,Tier 1 - Blue Chip,L2 - Rollup,Fiat-backed
Ethereum,aave-v3,LUSD,798320,1.46105,,1.46105,,ef8fbf02-ac96-4453-a78c-37bda4cd65e3,8e-05,0.26525,-0.56206,True,no,single,"{'predictedClass': 'Stable/Up', 'predictedProbability': 98, 'binnedConfidence': 3}",,4.05342,0.18881,1088,False,['0x5f98805A4E8be255a32880FDeC7F6728C6568bA0'],,,1.84149,,,,2026-02-16T00:34:30.525160,2026-02-16,0,0.3804400000000001,0.79832,13.590266051187934,<$1M,1.659454363727227,Tier 1 - Blue Chip,L1 - Ethereum,Decentralized
Ethereum,euler-v2,USDT,782904,2.74165,,2.74165,,3ba7480d-ea40-4d80-a7fe-2cc44160cfe0,,,,True,no,single,"{'predictedClass': None, 'predictedProbability': None, 'binnedConfidence': None}",Euler Earn USDT,2.74165,0.0,1,False,['0xdAC17F958D2ee523a2206206994597C13D831ec7'],,,2.83685,,,,2026-02-16T00:34:30.525160,2026-02-16,0,0.09520000000000017,0.782904,13.5707666393873,<$1M,4.606266801075267,Tier 3 - Emerging,L1 - Ethereum,Fiat-backed
Base,moonwell-lending,EURC,723737,1.69437,0.10424,1.79861,['0xA88594D404727625A9437C3f886C7643872296AE'],6da0372c-8e39-40db-acde-e35090862457,-0.54588,0.59102,-1.83555,True,no,single,"{'predictedClass': 'Stable/Up', 'predictedProbability': 82, 'binnedConfidence': 3}",,5.50645,0.22372,485,False,['0x60a3e35cc302bfa44cb288bc5a4f316fdb1adb42'],,,3.19354,,,,2026-02-16T00:34:30.525160,2026-02-16,0,1.39493,0.723737,13.492184727421007,<$1M,0.9491696263186503,Tier 4 - New/Niche,L2 - Rollup,Fiat-backed
Avalanche,aave-v3,EURC,647805,1.74458,,1.74458,,9ec8eb36-332d-47d4-8d32-ee7574037e60,-0.07996,0.01229,-0.8621,True,no,single,"{'predictedClass': 'Stable/Up', 'predictedProbability': 82, 'binnedConfidence': 3}",,4.57883,0.204,146,False,['0xC891EB4cbdEFf6e073e859e987815Ed1505c2ACD'],,,1.96651,,,,2026-02-16T00:34:30.525160,2026-02-16,0,0.22192999999999996,0.647805,13.38134654779441,<$1M,2.416550081032787,Tier 1 - Blue Chip,Sidechain,Fiat-backed
Ethereum,euler-v2,USDC,637649,3.63024,,3.63024,,a0f53224-c152-416e-8599-4563e70c6040,0.0642,-0.32459,-1.03031,True,no,single,"{'predictedClass': 'Stable/Up', 'predictedProbability': 59, 'binnedConfidence': 1}",EVK Vault eUSDC-2,5.59878,0.19918,501,False,['0xA0b86991c6218b36c1d19D4a2e9Eb0cE3606eB48'],,,3.85734,,,,2026-02-16T00:34:30.525160,2026-02-16,0,0.22710000000000008,0.637649,13.365544822455046,<$1M,4.992765781873194,Tier 3 - Emerging,L1 - Ethereum,Fiat-backed
Ethereum,euler-v2,USDC,419162,2.90596,,2.90596,,e945826d-6546-4f29-b276-9583ce2f0f68,,,,True,no,single,"{'predictedClass': None, 'predictedProbability': None, 'binnedConfidence': None}",Euler Earn USDC,2.90596,0.0,1,False,['0xA0b86991c6218b36c1d19D4a2e9Eb0cE3606eB48'],,,2.95757,,,,2026-02-16T00:34:30.525160,2026-02-16,0,0.051610000000000156,0.419162,12.946015144734751,<$1M,5.268142346948023,Tier 3 - Emerging,L1 - Ethereum,Fiat-backed
Ethereum,dforce-lending,USDT,400742,3.83592,0.0,3.83592,['0x431ad2ff6a9c365805ebad47ee021148d6f7dbe0'],8ca17fc6-018b-46d4-9bfb-f2b5e981a0fb,0.0,0.0,0.0,True,no,single,"{'predictedClass': 'Stable/Up', 'predictedProbability': 61, 'binnedConfidence': 2}",,3.71294,0.08532,1208,False,['0xdAC17F958D2ee523a2206206994597C13D831ec7'],,,3.83592,,,,2026-02-16T00:34:30.525160,2026-02-16,0,0.0,0.400742,12.901075603070337,<$1M,7.67184,Tier 4 - New/Niche,L1 - Ethereum,Fiat-backed
Cronos,tectonic,DAI,381756,0.0701,0.0,0.0701,,72a1d041-4b13-45b0-ac95-066ec9819b3b,0.00014,-0.00205,-0.02798,True,no,single,"{'predictedClass': 'Stable/Up', 'predictedProbability': 80, 'binnedConfidence': 3}",,1.16904,0.05562,1282,False,['0xF2001B145b43032AAF5Ee2884e456CCd805F677D'],,,0.08231,,,,2026-02-16T00:34:30.525160,2026-02-16,0,0.012209999999999999,0.381756,12.852539559520492,<$1M,0.1368579293649089,Tier 4 - New/Niche,Other,Decentralized
Polygon,compound-v3,USDT,379274,2.81974,0.0,2.81974,['0x8505b9d2254A7Ae468c0E9dd10Ccea3A837aef5c'],94473b8f-8052-4490-aa8d-7df1024f2927,-0.15887,-0.06069,-0.11164,True,no,single,"{'predictedClass': 'Down', 'predictedProbability': 57.99999999999999, 'binnedConfidence': 1}",,6.16942,0.38104,586,False,['0xc2132D05D31c914a87C6611C10748AEb04B58e8F'],,,2.93128,,,,2026-02-16T00:34:30.525160,2026-02-16,0,0.1115400000000002,0.379274,12.846016814616293,<$1M,4.610883997776105,Tier 1 - Blue Chip,Sidechain,Fiat-backed
Scroll,aave-v3,USDC,345989,1.00784,,1.00784,,ec762755-29a1-41d8-957f-0b00dcf00dd6,-0.02581,0.01357,0.10746,True,no,single,"{'predictedClass': 'Stable/Up', 'predictedProbability': 87, 'binnedConfidence': 3}",,4.10982,0.2141,616,False,['0x06eFdBFf2a14a7c8E15944D1F4A48F9F95F663A4'],,,1.91981,,,,2026-02-16T00:34:30.525160,2026-02-16,0,0.91197,0.345989,12.754165151888094,<$1M,0.7137828707408799,Tier 1 - Blue Chip,L2 - Rollup,Fiat-backed
Ethereum,euler-v2,USDT,316575,3.16645,,3.16645,,bc244917-e28c-4f10-bfa4-79bf90529023,-0.26089,-0.28648,-1.52734,True,no,single,"{'predictedClass': 'Stable/Up', 'predictedProbability': 60, 'binnedConfidence': 1}",EVK Vault eUSDT-2,5.59133,0.27061,459,False,['0xdAC17F958D2ee523a2206206994597C13D831ec7'],,,3.59384,,,,2026-02-16T00:34:30.525160,2026-02-16,0,0.42738999999999994,0.316575,12.66531861812295,<$1M,3.414367202579282,Tier 3 - Emerging,L1 - Ethereum,Fiat-backed
Arbitrum,compound-v3,USDC,311663,1.80312,0.0,1.80312,['0x354A6dA3fcde098F8389cad84b0182725c6C91dE'],643e883f-6922-4c89-82c3-bf3ac260fe1f,0.00044,0.00151,-1.29613,True,no,single,"{'predictedClass': 'Stable/Up', 'predictedProbability': 84, 'binnedConfidence': 3}",,5.40057,0.17051,996,False,['0xFF970A61A04b1cA14834A43f5dE4533eBDDB5CC8'],,,2.20842,,,,2026-02-16T00:34:30.525160,2026-02-16,0,0.40529999999999977,0.311663,12.649680963416378,<$1M,1.9917375455650066,Tier 1 - Blue Chip,L2 - Rollup,Fiat-backed
Metis,aave-v3,M.USDC,311291,0.12699,,0.12699,,1c4598df-177c-4de8-a53b-3baa3fc49932,2e-05,0.00198,-1.89679,True,no,single,"{'predictedClass': 'Stable/Up', 'predictedProbability': 84, 'binnedConfidence': 3}",,3.17959,0.10488,914,False,['0xEA32A96608495e54156Ae48931A7c20f0dcc1a21'],,,0.95486,,,,2026-02-16T00:34:30.525160,2026-02-16,0,0.8278700000000001,0.311291,12.64848665741654,<$1M,0.0956343617974651,Tier 1 - Blue Chip,Other,Fiat-backed
Avalanche,silo-v2,USDC,297351,1.45511,,1.45511,,da24bd25-1060-47c7-b57f-a95ea387afc0,,-1.8311,,True,no,single,"{'predictedClass': 'Stable/Up', 'predictedProbability': 82, 'binnedConfidence': 3}",153,4.15151,0.07052,47,False,['0xB97EF9Ef8734C71904D8002F8b6Bc66Dd9c48a6E'],,,4.01437,,,,2026-02-16T00:34:30.525160,2026-02-16,0,2.5592600000000005,0.297351,12.602671901192496,<$1M,0.475641168125625,Tier 4 - New/Niche,Sidechain,Fiat-backed
Celo,aave-v3,USDC,278926,0.4398,,0.4398,,78c4b5eb-6e36-4c3a-94b5-779e37dbf9a4,4e-05,0.01592,-0.31079,True,no,single,"{'predictedClass': 'Stable/Up', 'predictedProbability': 73, 'binnedConfidence': 2}",,2.64977,0.12249,174,False,['0xcebA9300f2b948710d2653dD7B07f33A8B32118C'],,,1.47174,,,,2026-02-16T00:34:30.525160,2026-02-16,0,1.03194,0.278926,12.538705377821978,<$1M,0.2870869616303511,Tier 1 - Blue Chip,Other,Fiat-backed
Optimism,moonwell-lending,USDC,249809,1.77871,1.84531,3.62402,['0xA88594D404727625A9437C3f886C7643872296AE'],7eff1f92-e36d-4b6c-a405-c9957e6e6fb9,-0.13503,-0.16277,-1.4056,True,no,single,"{'predictedClass': 'Stable/Up', 'predictedProbability': 82, 'binnedConfidence': 3}",,6.99006,0.16061,521,False,['0x0b2c639c533813f4aa9d7837caf62653d097ff85'],,,4.37058,,,,2026-02-16T00:34:30.525160,2026-02-16,0,0.7465600000000006,0.249809,12.428455907897975,<$1M,2.907216660249004,Tier 4 - New/Niche,L2 - Rollup,Fiat-backed
Base,euler-v2,USDC,242363,4.57665,,4.57665,,8395e9c7-a26d-4e9c-a6e9-7cc002244979,-0.3012,-0.44312,-2.40762,True,no,single,"{'predictedClass': 'Stable/Up', 'predictedProbability': 64, 'binnedConfidence': 2}",EVK Vault eUSDC-49,6.75787,0.19491,98,False,['0x833589fCD6eDb6E08f4c7C32D4f71b54bdA02913'],,,5.90554,,,,2026-02-16T00:34:30.525160,2026-02-16,0,1.3288900000000003,0.242363,12.398196007296388,<$1M,2.5024195003526724,Tier 3 - Emerging,L2 - Rollup,Fiat-backed
Optimism,aave-v3,DAI,238015,2.30078,,2.30078,,363e5586-cfee-402c-9b0b-be70366052e8,0.00045,0.07068,-0.93583,True,no,single,"{'predictedClass': 'Stable/Up', 'predictedProbability': 88, 'binnedConfidence': 3}",,4.18922,0.17618,1281,False,['0xDA10009cBd5D07dd0CeCc66161FC93D7c9000da1'],,,2.82395,,,,2026-02-16T00:34:30.525160,2026-02-16,0,0.5231699999999999,0.238015,12.380093177284742,<$1M,2.248678127779353,Tier 1 - Blue Chip,L2 - Rollup,Decentralized
Avalanche,euler-v2,USDC,221586,5.82472,,5.82472,,631404ca-4aa4-41b8-a85f-cbe7b6194d98,-0.00024,-1.03354,,True,no,single,"{'predictedClass': 'Down', 'predictedProbability': 67, 'binnedConfidence': 2}",EVK Vault eUSDC-26,6.09786,0.09953,12,False,['0xB97EF9Ef8734C71904D8002F8b6Bc66Dd9c48a6E'],,,6.51838,,,,2026-02-16T00:34:30.525160,2026-02-16,0,0.6936599999999995,0.221586,12.308570567874524,<$1M,4.879714491563764,Tier 3 - Emerging,Sidechain,Fiat-backed
Base,radiant-v2,USDC,204068,3.97806,,3.97806,,e5adf719-d8e7-4b36-a603-ed288483d13a,6e-05,-0.02301,-0.61229,True,no,single,"{'predictedClass': 'Down', 'predictedProbability': 54, 'binnedConfidence': 1}",,6.68348,0.32168,480,False,['0x833589fCD6eDb6E08f4c7C32D4f71b54bdA02913'],,,4.29353,,,,2026-02-16T00:34:30.525160,2026-02-16,0,0.3154699999999995,0.204068,12.226213450931809,<$1M,4.878241995413691,Tier 3 - Emerging,L2 - Rollup,Fiat-backed
Ethereum,euler-v2,USDTB,200272,1.96366,,1.96366,,a3a7fb56-b19a-4dc8-a3f1-285cb38c5885,-0.37304,1.16486,-0.66399,True,no,single,"{'predictedClass': 'Stable/Up', 'predictedProbability': 76, 'binnedConfidence': 3}",EVK Vault eUSDtb-2,3.53361,0.09554,228,False,['0xC139190F447e929f090Edeb554D95AbB8b18aC1C'],,,2.34688,,,,2026-02-16T00:34:30.525160,2026-02-16,0,0.3832200000000001,0.200272,12.207436714764574,<$1M,2.2232965739000474,Tier 3 - Emerging,L1 - Ethereum,Fiat-backed
Avalanche,silo-v2,USDC,199641,24.66188,,24.66188,,724b2011-c3f7-4179-b154-e5adb155f84f,,-3.21319,,True,no,single,"{'predictedClass': 'Down', 'predictedProbability': 86, 'binnedConfidence': 3}",141,10.67675,0.32901,120,False,['0xB97EF9Ef8734C71904D8002F8b6Bc66Dd9c48a6E'],,,14.61746,,,,2026-02-16T00:34:30.525160,2026-02-16,0,10.04442,0.199641,12.204281041565824,<$1M,2.338856001562912,Tier 4 - New/Niche,Sidechain,Fiat-backed
Metis,aave-v3,M.USDT,188666,0.2198,,0.2198,,0cfcfe3b-29ff-47ff-97fa-078bf4755863,0.02109,0.02467,-0.95449,True,no,single,"{'predictedClass': 'Stable/Up', 'predictedProbability': 91, 'binnedConfidence': 3}",,4.14408,0.12118,865,False,['0xbB06DCA3AE6887fAbF931640f67cab3e3a16F4dC'],,,0.3933,,,,2026-02-16T00:34:30.525160,2026-02-16,0,0.1735,0.188666,12.147738835300101,<$1M,0.326354862657758,Tier 1 - Blue Chip,Other,Fiat-backed
Arbitrum,silo-v2,USDC,188533,5.79241,,5.79241,,b6075455-4fcf-4af6-ac75-53b2c8b13299,,4.10018,,True,no,single,"{'predictedClass': 'Down', 'predictedProbability': 68, 'binnedConfidence': 2}",152,5.22698,0.1373,30,False,['0xaf88d065e77c8cC2239327C5EDb3A432268e5831'],,,4.62791,,,,2026-02-16T00:34:30.525160,2026-02-16,0,1.1645000000000003,0.188533,12.14703364095803,<$1M,3.4799699609492336,Tier 4 - New/Niche,L2 - Rollup,Fiat-backed
Ethereum,euler-v2,USDC,167978,2.94735,,2.94735,,2b181181-f200-44d0-81bf-31f3575fea4c,-0.00207,0.30975,-3.54283,True,no,single,"{'predictedClass': 'Stable/Up', 'predictedProbability': 73, 'binnedConfidence': 2}",EVK Vault eUSDC-69,9.07631,0.2738,142,False,['0xA0b86991c6218b36c1d19D4a2e9Eb0cE3606eB48'],,,5.14319,,,,2026-02-16T00:34:30.525160,2026-02-16,0,2.1958399999999996,0.167978,12.031594250572246,<$1M,1.093295596177815,Tier 3 - Emerging,L1 - Ethereum,Fiat-backed
Ethereum,ajna-v2,DAI-SUSDE,162482,0.25408,,0.25408,,0e07fbf1-83d7-47ae-af39-f8ba4d4f388c,0.0,0.0,,True,no,multi,"{'predictedClass': 'Stable/Up', 'predictedProbability': 56.99999999999999, 'binnedConfidence': 1}",sUSDe collateral,0.25408,0.0,19,False,['0x6B175474E89094C44Da98b954EedeAC495271d0F'],,,0.25408,,,,2026-02-16T00:34:30.525160,2026-02-16,0,0.0,0.162482,11.998328659894742,<$1M,0.50816,Tier 4 - New/Niche,L1 - Ethereum,Decentralized
Ethereum,euler-v2,USDC,156666,1.32119,,1.32119,,5b91998c-7db9-4b5e-8caf-343b55769151,0.0005,1.27898,-1.01216,True,no,single,"{'predictedClass': 'Stable/Up', 'predictedProbability': 61, 'binnedConfidence': 2}",EVK Vault eUSDC-42,4.516,0.19461,247,False,['0xA0b86991c6218b36c1d19D4a2e9Eb0cE3606eB48'],,,0.71879,,,,2026-02-16T00:34:30.525160,2026-02-16,0,0.6024,0.156666,11.961877812675443,<$1M,1.1984669811320754,Tier 3 - Emerging,L1 - Ethereum,Fiat-backed
Base,euler-v2,USDC,154325,1.7094,,1.7094,,2d02765d-1444-46a0-8046-cd7af0c06ac1,0.0663,-0.01642,-2.15324,True,no,single,"{'predictedClass': 'Stable/Up', 'predictedProbability': 85, 'binnedConfidence': 3}",EVK Vault eUSDC-1,4.67212,0.09859,283,False,['0x833589fCD6eDb6E08f4c7C32D4f71b54bdA02913'],,,2.4649,,,,2026-02-16T00:34:30.525160,2026-02-16,0,0.7555000000000001,0.154325,11.946822527072626,<$1M,1.3615292712066904,Tier 3 - Emerging,L2 - Rollup,Fiat-backed
Ethereum,euler-v2,USDC,146489,3.20397,,3.20397,,c2505d0e-aced-431f-a3cd-b4b503301b09,,,,True,no,single,"{'predictedClass': None, 'predictedProbability': None, 'binnedConfidence': None}",Hyperithm Euler USDC,3.20397,0.0,1,False,['0xA0b86991c6218b36c1d19D4a2e9Eb0cE3606eB48'],,,3.25741,,,,2026-02-16T00:34:30.525160,2026-02-16,0,0.053440000000000154,0.146489,11.894712445723815,<$1M,5.789191240242843,Tier 3 - Emerging,L1 - Ethereum,Fiat-backed
Ethereum,euler-v2,USDC,146436,5.65305,9.98814,15.64119,['0x01Ba69727E2860b37bc1a2bd56999c1aFb4C15D8'],a0f1def1-eacd-4b3a-91a1-be9a9c0cbc2c,-0.62999,2.41137,,True,no,single,"{'predictedClass': 'Down', 'predictedProbability': 90, 'binnedConfidence': 3}",EVK Vault eUSDC-95,14.60407,0.27984,12,False,['0xA0b86991c6218b36c1d19D4a2e9Eb0cE3606eB48'],,,15.95024,,,,2026-02-16T00:34:30.525160,2026-02-16,0,0.30905000000000094,0.146436,11.894350580818372,<$1M,19.33278536555217,Tier 3 - Emerging,L1 - Ethereum,Fiat-backed
zkSync Era,aave-v3,USDC,145598,3.06252,,3.06252,,5e498f38-9d6f-49b7-a197-9068103f9866,-0.04755,0.12019,-0.19067,True,no,single,"{'predictedClass': 'Stable/Up', 'predictedProbability': 60, 'binnedConfidence': 1}",,4.42577,0.12042,495,False,['0x1d17CBcF0D6D143135aE902365D2E5e2A16538D4'],,,4.03154,,,,2026-02-16T00:34:30.525160,2026-02-16,0,0.9690199999999995,0.145598,11.888611546589269,<$1M,2.084736763284367,Tier 1 - Blue Chip,Other,Fiat-backed
Ethereum,silo-v2,USDC,137855,2.1736,,2.1736,,6ce69c24-7604-4e95-aea5-cab20c013930,,0.00072,,True,no,single,"{'predictedClass': 'Stable/Up', 'predictedProbability': 77, 'binnedConfidence': 3}",168,4.04559,0.09741,113,False,['0xA0b86991c6218b36c1d19D4a2e9Eb0cE3606eB48'],,,3.14845,,,,2026-02-16T00:34:30.525160,2026-02-16,0,0.97485,0.137855,11.833964941076006,<$1M,1.4737769942706038,Tier 4 - New/Niche,L1 - Ethereum,Fiat-backed
Arbitrum,radiant-v2,USDC,137613,5.58944,,5.58944,,ba37b7ae-e0b0-4bf0-94ee-bcf3dd09d194,0.00113,-0.10761,-0.67856,True,no,single,"{'predictedClass': 'Down', 'predictedProbability': 55.00000000000001, 'binnedConfidence': 1}",,5.66082,0.01985,74,False,['0xaf88d065e77c8cC2239327C5EDb3A432268e5831'],,,5.84465,,,,2026-02-16T00:34:30.525160,2026-02-16,0,0.25520999999999994,0.137613,11.832207943491838,<$1M,7.401173183617802,Tier 3 - Emerging,L2 - Rollup,Fiat-backed
Ethereum,euler-v2,USDC,133471,3.35943,,3.35943,,939b0cda-7d65-41b8-9226-f28949a857e8,0.9297,1.0714,-3.10264,True,no,single,"{'predictedClass': 'Stable/Up', 'predictedProbability': 76, 'binnedConfidence': 3}",EVK Vault eUSDC-45,10.2158,0.28593,242,False,['0xA0b86991c6218b36c1d19D4a2e9Eb0cE3606eB48'],,,3.8644,,,,2026-02-16T00:34:30.525160,2026-02-16,0,0.5049699999999997,0.133471,11.801646996996672,<$1M,3.3428162034687614,Tier 3 - Emerging,L1 - Ethereum,Fiat-backed
Ethereum,radiant-v2,USDC,111763,6.48727,,6.48727,,736b9836-d7a2-40d6-b15d-12657989b0b1,0.0,-0.03469,-0.28476,True,no,single,"{'predictedClass': 'Down', 'predictedProbability': 73, 'binnedConfidence': 2}",,6.85436,0.02108,74,False,['0xA0b86991c6218b36c1d19D4a2e9Eb0cE3606eB48'],,,6.84188,,,,2026-02-16T00:34:30.525160,2026-02-16,0,0.3546100000000001,0.111763,11.624144784271035,<$1M,7.59091281403213,Tier 3 - Emerging,L1 - Ethereum,Fiat-backed
Arbitrum,aave-v3,FRAX,108552,0.71802,,0.71802,,8d4d3acb-e1bf-471a-8256-36b90a8f4d25,9e-05,-0.01763,-0.20223,True,no,single,"{'predictedClass': 'Stable/Up', 'predictedProbability': 82, 'binnedConfidence': 3}",,5.04132,0.20938,841,False,['0x17FC002b466eEc40DaE837Fc4bE5c67993ddBd6F'],,,0.83658,,,,2026-02-16T00:34:30.525160,2026-02-16,0,0.11856,0.108552,11.594993811958167,<$1M,1.1607928091050181,Tier 1 - Blue Chip,L2 - Rollup,Decentralized
Avalanche,benqi-lending,USDC.E,101778,2.48397,0.0,2.48397,,381eb971-56f8-468f-b2b6-ea922c477dca,0.0,0.53207,-1.68501,True,no,single,"{'predictedClass': 'Down', 'predictedProbability': 57.99999999999999, 'binnedConfidence': 1}",,8.25612,0.51739,1284,False,['0xA7D7079b0FEaD91F3e65f86E8915Cb59c1a4C664'],,,3.20925,,,,2026-02-16T00:34:30.525160,2026-02-16,0,0.7252800000000001,0.101778,11.530559074981568,<$1M,2.027267236876469,Tier 3 - Emerging,Sidechain,Fiat-backed
Ethereum,euler-v2,USDC,93795,2.81606,,2.81606,,af2343d4-1265-47b1-babf-bfbca90dab56,0.00042,-0.93014,-2.50886,True,no,single,"{'predictedClass': 'Stable/Up', 'predictedProbability': 56.99999999999999, 'binnedConfidence': 1}",EVK Vault eUSDC-19,9.57279,0.33712,429,False,['0xA0b86991c6218b36c1d19D4a2e9Eb0cE3606eB48'],,,3.58045,,,,2026-02-16T00:34:30.525160,2026-02-16,0,0.7643900000000001,0.093795,11.448877490161797,<$1M,2.2272083771621096,Tier 3 - Emerging,L1 - Ethereum,Fiat-backed
Arbitrum,aave-v3,LUSD,92526,1.7585,,1.7585,,b6d41555-60e5-485f-9629-ae292c563a5d,0.01522,-0.00483,-0.41233,True,no,single,"{'predictedClass': 'Stable/Up', 'predictedProbability': 81, 'binnedConfidence': 3}",,4.53248,0.20175,969,False,['0x93b346b6BC2548dA6A1E7d98E9a421B42541425b'],,,1.96777,,,,2026-02-16T00:34:30.525160,2026-02-16,0,0.20927000000000007,0.092526,11.435255772800257,<$1M,2.4793097128033046,Tier 1 - Blue Chip,L2 - Rollup,Decentralized
Ethereum,ajna-v2,USDC-SYRUPUSDC,92319,2.23054,,2.23054,,788b0d81-8533-468c-8789-88ac64b7d5c8,0.0,0.0,,True,no,multi,"{'predictedClass': 'Down', 'predictedProbability': 56.00000000000001, 'binnedConfidence': 1}",syrupUSDC collateral,2.23054,0.0,19,False,['0xA0b86991c6218b36c1d19D4a2e9Eb0cE3606eB48'],,,2.23054,,,,2026-02-16T00:34:30.525160,2026-02-16,0,0.0,0.092319,11.433016081741927,<$1M,4.46108,Tier 4 - New/Niche,L1 - Ethereum,Fiat-backed
Linea,euler-v2,USDC,86883,0.54678,,0.54678,,4e779744-ce96-4185-a461-39447619989a,0.00943,0.31312,-3.45112,True,no,single,"{'predictedClass': 'Stable/Up', 'predictedProbability': 92, 'binnedConfidence': 3}",EVK Vault eUSDC-1,4.11855,0.10738,151,False,['0x176211869cA2b568f2A7D4EE941E073a821EE1ff'],,,2.95582,,,,2026-02-16T00:34:30.525160,2026-02-16,0,2.40904,0.086883,11.372329174623584,<$1M,0.18795891428099992,Tier 3 - Emerging,L2 - Rollup,Fiat-backed
Arbitrum,radiant-v1,USDC,83502,0.28451,0.40714,0.69165,['0x0c4681e6c0235179ec3d4f4fc4df3d14fdd96017'],5a8d7827-00d9-416a-b1bb-ddc7f758a66e,0.0,0.00042,-0.00038,True,no,single,"{'predictedClass': 'Stable/Up', 'predictedProbability': 74, 'binnedConfidence': 2}",,1.5881,0.03812,1243,False,['0xFF970A61A04b1cA14834A43f5dE4533eBDDB5CC8'],,,0.69142,,,,2026-02-16T00:34:30.525160,2026-02-16,0,0.00022999999999995246,0.083502,11.33263783833726,<$1M,1.382663974571697,Tier 3 - Emerging,L2 - Rollup,Fiat-backed
Gnosis,sparklend,USDC.E,82101,0.20004,,0.20004,,933a582d-7f56-4db8-abb7-bb0876e41568,1e-05,0.00011,-1.35619,True,no,single,"{'predictedClass': 'Stable/Up', 'predictedProbability': 84, 'binnedConfidence': 3}",,2.49176,0.08508,576,False,['0x2a22f9c3b484c3629090FeED35F17Ff8F88f76F0'],,,0.82047,,,,2026-02-16T00:34:30.525160,2026-02-16,0,0.62043,0.082101,11.31571765567974,<$1M,0.17853859678873288,Tier 2 - Established,Sidechain,Fiat-backed
Ethereum,radiant-v2,USDT,81083,5.79151,,5.79151,,4ab15352-e834-41bd-962a-53e6e724179a,0.0,0.02127,-0.44245,True,no,single,"{'predictedClass': 'Down', 'predictedProbability': 62, 'binnedConfidence': 2}",,6.45386,0.02212,74,False,['0xdAC17F958D2ee523a2206206994597C13D831ec7'],,,6.07722,,,,2026-02-16T00:34:30.525160,2026-02-16,0,0.2857099999999999,0.081083,11.303240933340176,<$1M,7.371052933015998,Tier 3 - Emerging,L1 - Ethereum,Fiat-backed
Ethereum,euler-v2,USDC,72612,0.60764,,0.60764,,4bb695e2-bd1c-473e-81ca-4e3d027cad78,-2e-05,-0.0541,-1.09437,True,no,single,"{'predictedClass': 'Stable/Up', 'predictedProbability': 87, 'binnedConfidence': 3}",EVK Vault eUSDC-63,4.20309,0.19719,138,False,['0xA0b86991c6218b36c1d19D4a2e9Eb0cE3606eB48'],,,0.95446,,,,2026-02-16T00:34:30.525160,2026-02-16,0,0.34682,0.072612,11.192899248143839,<$1M,0.7175550884485487,Tier 3 - Emerging,L1 - Ethereum,Fiat-backed
Ethereum,dforce-lending,USDC,65606,2.48754,0.0,2.48754,['0x431ad2ff6a9c365805ebad47ee021148d6f7dbe0'],dcd35b19-aaf6-486e-ada7-fba8767ab757,0.0,0.0,0.0,True,no,single,"{'predictedClass': 'Stable/Up', 'predictedProbability': 60, 'binnedConfidence': 1}",,3.39189,0.09776,1143,False,['0xA0b86991c6218b36c1d19D4a2e9Eb0cE3606eB48'],,,2.48754,,,,2026-02-16T00:34:30.525160,2026-02-16,0,0.0,0.065606,11.091437676556433,<$1M,4.97508,Tier 4 - New/Niche,L1 - Ethereum,Fiat-backed
Ethereum,euler-v2,RLUSD,65031,3.05158,,3.05158,,b9c2067b-f491-4dfa-bedf-59194c4c7aa0,-0.00011,1.89557,0.93277,True,no,single,"{'predictedClass': 'Stable/Up', 'predictedProbability': 69, 'binnedConfidence': 2}",EVK Vault eRLUSD-1,7.84747,0.20369,256,False,['0x8292Bb45bf1Ee4d140127049757C2E0fF06317eD'],,,2.01373,,,,2026-02-16T00:34:30.525160,2026-02-16,0,1.0378500000000002,0.065031,11.082634735426408,<$1M,1.9843157655167927,Tier 3 - Emerging,L1 - Ethereum,Decentralized
Avalanche,silo-v2,USDC,59913,3.5914,,3.5914,,82c8eda4-f27b-4e41-851d-4368af5e4866,,,,True,no,single,"{'predictedClass': None, 'predictedProbability': None, 'binnedConfidence': None}",162,3.59136,0.0,2,False,['0xB97EF9Ef8734C71904D8002F8b6Bc66Dd9c48a6E'],,,3.59133,,,,2026-02-16T00:34:30.525160,2026-02-16,0,7.00000000000145e-05,0.059913,11.000665479666058,<$1M,7.181794548763174,Tier 4 - New/Niche,Sidechain,Fiat-backed
Avalanche,benqi-lending,USDT.E,54546,6.95058,0.0,6.95058,,46cd8b53-3d41-4b9f-85f7-77f42f317445,0.0,-0.08372,,True,no,single,"{'predictedClass': 'Down', 'predictedProbability': 81, 'binnedConfidence': 3}",,5.06859,0.27657,1030,False,['0xc7198437980c041c805A1EDcbA50c1Ce5db95118'],,,41.23847,,,,2026-02-16T00:34:30.525160,2026-02-16,0,34.28789,0.054546,10.906817994331865,<$1M,0.19979883804392853,Tier 3 - Emerging,Sidechain,Fiat-backed
Avalanche,benqi-lending,DAI.E,48762,6.46587,0.0,6.46587,"['0x8729438eb15e2c8b576fcc6aecda6a148776c0f5', '0xb31f66aa3c1e785363f0875a1b74e27b85fd66c7']",fe7bd728-9e1d-450a-8960-280712c8c7a2,0.0,-0.01768,-1.40944,True,no,single,"{'predictedClass': 'Down', 'predictedProbability': 78, 'binnedConfidence': 3}",,4.47501,0.16335,1284,False,['0xd586E7F844cEa2F87f50152665BCbc2C279D8d70'],,,7.26642,,,,2026-02-16T00:34:30.525160,2026-02-16,0,0.8005500000000003,0.048762,10.794727107543425,<$1M,4.971642766521855,Tier 3 - Emerging,Sidechain,Decentralized
Ethereum,euler-v2,USDC,47777,0.09881,,0.09881,,43c85a77-21ca-4551-81b8-86b751ca6a84,-1e-05,-0.07364,-0.16441,True,no,single,"{'predictedClass': 'Stable/Up', 'predictedProbability': 75, 'binnedConfidence': 3}",EVK Vault eUSDC-57,7.67621,0.47012,195,False,['0xA0b86991c6218b36c1d19D4a2e9Eb0cE3606eB48'],,,0.21107,,,,2026-02-16T00:34:30.525160,2026-02-16,0,0.11226000000000001,0.047777,10.7743205614855,<$1M,0.16138568581974977,Tier 3 - Emerging,L1 - Ethereum,Fiat-backed
Optimism,moonwell-lending,USDT,47286,3.32502,0.22299,3.54801,['0xA88594D404727625A9437C3f886C7643872296AE'],6f9fe8c4-9676-4fef-9b7b-02be2430d7d9,-0.02622,-0.34962,0.67952,True,no,single,"{'predictedClass': 'Stable/Up', 'predictedProbability': 60, 'binnedConfidence': 1}",,6.41097,0.23347,521,False,['0x94b008aa00579c1307b0ef2c499ad98a8ce58e58'],,,4.12329,,,,2026-02-16T00:34:30.525160,2026-02-16,0,0.5752799999999998,0.047286,10.763990695266562,<$1M,3.299614984004167,Tier 4 - New/Niche,L2 - Rollup,Fiat-backed
Base,euler-v2,USDC,44132,2.86871,,2.86871,,7ba506b8-9265-450d-9111-281fa6b57657,-8e-05,-0.12399,,True,no,single,"{'predictedClass': 'Down', 'predictedProbability': 78, 'binnedConfidence': 3}",EVK Vault eUSDC-46,2.24973,0.04788,73,False,['0x833589fCD6eDb6E08f4c7C32D4f71b54bdA02913'],,,3.16458,,,,2026-02-16T00:34:30.525160,2026-02-16,0,0.29586999999999986,0.044132,10.694963080918322,<$1M,3.60449570909822,Tier 3 - Emerging,L2 - Rollup,Fiat-backed
Base,euler-v2,USDC,39703,3.90523,,3.90523,,76f65ec2-ea3d-42a2-9f9f-1542b48838e9,-0.11979,-1.72109,1.56082,True,no,single,"{'predictedClass': 'Down', 'predictedProbability': 74, 'binnedConfidence': 2}",EVK Vault eUSDC-29,10.13364,1.15925,219,False,['0x833589fCD6eDb6E08f4c7C32D4f71b54bdA02913'],,,5.73843,,,,2026-02-16T00:34:30.525160,2026-02-16,0,1.8332000000000002,0.039703,10.589207217267276,<$1M,1.6737656437510713,Tier 3 - Emerging,L2 - Rollup,Fiat-backed
Arbitrum,radiant-v2,USDC,38868,7.67829,,7.67829,,73936265-c77f-414e-b170-e2e754de3ff8,0.11851,1.49283,0.77379,True,no,single,"{'predictedClass': 'Stable/Up', 'predictedProbability': 56.99999999999999, 'binnedConfidence': 1}",isolated,7.22783,0.05247,74,False,['0xaf88d065e77c8cC2239327C5EDb3A432268e5831'],,,7.33243,,,,2026-02-16T00:34:30.525160,2026-02-16,0,0.34586000000000006,0.038868,10.56795229673375,<$1M,9.077495093750738,Tier 3 - Emerging,L2 - Rollup,Fiat-backed
Cronos,tectonic,TUSD,38645,0.10652,0.0,0.10652,,948eb56a-b8fa-4b08-8c0d-453d8a6b787f,0.0,0.0,-0.00231,True,no,single,"{'predictedClass': 'Down', 'predictedProbability': 51, 'binnedConfidence': 1}",,2.48925,0.15959,1268,False,['0x87EFB3ec1576Dec8ED47e58B832bEdCd86eE186e'],,,0.10806,,,,2026-02-16T00:34:30.525160,2026-02-16,0,0.0015399999999999997,0.038645,10.562198555774946,<$1M,0.2123858515771424,Tier 4 - New/Niche,Other,Fiat-backed
Ethereum,aave-v3,FRAX,37938,2.99443,,2.99443,,4ef4eb9a-e22e-4190-b8f3-8c75373ad0d6,0.0,0.0,-0.94082,True,no,single,"{'predictedClass': 'Down', 'predictedProbability': 69, 'binnedConfidence': 2}",,5.14652,0.24682,900,False,['0x853d955aCEf822Db058eb8505911ED77F175b99e'],,,3.55001,,,,2026-02-16T00:34:30.525160,2026-02-16,0,0.55558,0.037938,10.543734885735212,<$1M,2.8367627275999925,Tier 1 - Blue Chip,L1 - Ethereum,Decentralized
Moonbeam,moonwell-lending,FRAX,37699,0.00016,0.29841,0.29856,"['0x511ab53f793683763e5a8829738301368a2411e3', '0x0000000000000000000000000000000000000000']",b007a303-26b8-42ab-ab23-31dd7a44e8a3,-0.01857,-0.00058,-0.29288,True,no,single,"{'predictedClass': 'Stable/Up', 'predictedProbability': 78, 'binnedConfidence': 3}",,7.86031,0.34118,1023,False,['0x322e86852e492a7ee17f28a78c663da38fb33bfb'],,,0.3848,,,,2026-02-16T00:34:30.525160,2026-02-16,0,0.08623999999999998,0.037699,10.537415373436103,<$1M,0.5092794759825328,Tier 4 - New/Niche,Other,Decentralized
Moonbeam,moonwell-lending,XCUSDT,36548,0.61073,0.29806,0.90879,"['0x511ab53f793683763e5a8829738301368a2411e3', '0x0000000000000000000000000000000000000000']",48b2b90b-ab17-43a5-b7b0-2f91ec132d4d,-0.01875,-0.01377,-0.8855,True,no,single,"{'predictedClass': 'Stable/Up', 'predictedProbability': 64, 'binnedConfidence': 2}",,9.77646,0.38557,1031,False,['0xffffffffea09fb06d082fd1275cd48b191cbcd1d'],,,1.34678,,,,2026-02-16T00:34:30.525160,2026-02-16,0,0.4379900000000001,0.036548,10.506409105022517,<$1M,0.9688696041535623,Tier 4 - New/Niche,Other,Fiat-backed
Arbitrum,radiant-v1,DAI,36297,2.15698,0.45074,2.60772,['0x0c4681e6c0235179ec3d4f4fc4df3d14fdd96017'],749280ad-ecea-4753-9672-386961758acd,0.0,0.0022,0.00762,True,no,single,"{'predictedClass': 'Stable/Up', 'predictedProbability': 67, 'binnedConfidence': 2}",,2.62342,0.03131,1243,False,['0xDA10009cBd5D07dd0CeCc66161FC93D7c9000da1'],,,2.60378,,,,2026-02-16T00:34:30.525160,2026-02-16,0,0.003940000000000055,0.036297,10.499517922316345,<$1M,5.174663650434575,Tier 3 - Emerging,L2 - Rollup,Decentralized
Arbitrum,radiant-v2,USDC,34918,0.54885,,0.54885,,3c06f4b6-b140-46d8-aaf9-550bac788d59,0.0,0.0,-0.84066,True,no,single,"{'predictedClass': 'Stable/Up', 'predictedProbability': 77, 'binnedConfidence': 3}",isolated,1.69681,0.03421,74,False,['0xaf88d065e77c8cC2239327C5EDb3A432268e5831'],,,1.00248,,,,2026-02-16T00:34:30.525160,2026-02-16,0,0.4536300000000001,0.034918,10.460786372659188,<$1M,0.5755376823296245,Tier 3 - Emerging,L2 - Rollup,Fiat-backed
Ethereum,euler-v2,USDC,32629,1.78716,,1.78716,,e0a73b02-748b-4ac8-8a5a-1c8d110f1a80,-6e-05,0.00078,0.50187,True,no,single,"{'predictedClass': 'Stable/Up', 'predictedProbability': 55.00000000000001, 'binnedConfidence': 1}",EVK Vault eUSDC-75,7.80338,0.45306,125,False,['0xA0b86991c6218b36c1d19D4a2e9Eb0cE3606eB48'],,,1.46649,,,,2026-02-16T00:34:30.525160,2026-02-16,0,0.32067,0.032629,10.392987389587367,<$1M,2.177684087392009,Tier 3 - Emerging,L1 - Ethereum,Fiat-backed
Ethereum,euler-v2,USDC,29822,30.22243,,30.22243,,4059659c-a240-47c3-85a5-69897563d63b,,14.61155,21.90601,True,no,single,"{'predictedClass': 'Down', 'predictedProbability': 87, 'binnedConfidence': 3}",EVK Vault eUSDC-37,13.38117,0.40701,220,False,['0xA0b86991c6218b36c1d19D4a2e9Eb0cE3606eB48'],,,16.76678,,,,2026-02-16T00:34:30.525160,2026-02-16,0,13.455649999999999,0.029822,10.303035186880255,<$1M,2.16560532830789,Tier 3 - Emerging,L1 - Ethereum,Fiat-backed
Gnosis,sparklend,USDT,29721,2.43839,,2.43839,,0860763b-f949-4e38-8eba-22ffe14d400f,0.0,0.0,1.78711,True,no,single,"{'predictedClass': 'Stable/Up', 'predictedProbability': 57.99999999999999, 'binnedConfidence': 1}",,2.72283,0.11915,650,False,['0x4ECaBa5870353805a9F068101A40E0f32ed605C6'],,,1.47648,,,,2026-02-16T00:34:30.525160,2026-02-16,0,0.96191,0.029721,10.299642791318515,<$1M,1.6679480952999843,Tier 2 - Established,Sidechain,Fiat-backed
Ethereum,euler-v2,USDC,27087,0.1756,,0.1756,,71b4f445-d105-4625-9412-9969af520ec7,,,,True,no,single,"{'predictedClass': None, 'predictedProbability': None, 'binnedConfidence': None}",TID Capital USDC,0.1756,0.0,1,False,['0xA0b86991c6218b36c1d19D4a2e9Eb0cE3606eB48'],,,0.1756,,,,2026-02-16T00:34:30.525160,2026-02-16,0,0.0,0.027087,10.206846104372916,<$1M,0.3512,Tier 3 - Emerging,L1 - Ethereum,Fiat-backed
Arbitrum,silo-v2,USDC,26586,0.71689,,0.71689,,5aa3c9c2-7a03-4aa4-b1eb-0945f1388eeb,,0.00019,,True,no,single,"{'predictedClass': 'Down', 'predictedProbability': 65, 'binnedConfidence': 2}",153,1.20393,0.07397,30,False,['0xaf88d065e77c8cC2239327C5EDb3A432268e5831'],,,0.62744,,,,2026-02-16T00:34:30.525160,2026-02-16,0,0.08945000000000003,0.026586,10.188177653501853,<$1M,1.2162015438120282,Tier 4 - New/Niche,L2 - Rollup,Fiat-backed
zkSync Era,aave-v3,USDT,26233,3.21761,,3.21761,,8a561627-3d0c-436a-805c-8490c68fe014,-0.0721,0.43974,0.49332,True,no,single,"{'predictedClass': 'Down', 'predictedProbability': 67, 'binnedConfidence': 2}",,4.35,0.15011,495,False,['0x493257fD37EDB34451f62EDf8D2a0C418852bA4C'],,,3.08689,,,,2026-02-16T00:34:30.525160,2026-02-16,0,0.13072000000000017,0.026233,10.17481155837509,<$1M,5.101487189244037,Tier 1 - Blue Chip,Other,Fiat-backed
Arbitrum,radiant-v1,USDT,25556,0.5388,0.39605,0.93485,['0x0c4681e6c0235179ec3d4f4fc4df3d14fdd96017'],4ea995cd-f67b-4283-97e5-96640f8de0c7,0.0,0.00034,-0.00093,True,no,single,"{'predictedClass': 'Stable/Up', 'predictedProbability': 56.00000000000001, 'binnedConfidence': 1}",,1.49,0.08595,1210,False,['0xFd086bC7CD5C481DCC9C85ebE478A1C0b69FCbb9'],,,0.93559,,,,2026-02-16T00:34:30.525160,2026-02-16,0,0.0007400000000000739,0.025556,10.14866653071095,<$1M,1.8669369333386585,Tier 3 - Emerging,L2 - Rollup,Fiat-backed
Moonbeam,moonwell-lending,USDC,25365,0.66282,0.29781,0.96062,"['0x511ab53f793683763e5a8829738301368a2411e3', '0x0000000000000000000000000000000000000000']",9a5f6bad-29d1-4fc2-b913-3adb5d394349,-0.01839,-0.0824,-0.8076,True,no,single,"{'predictedClass': 'Stable/Up', 'predictedProbability': 66, 'binnedConfidence': 2}",,12.28476,0.53507,1099,False,['0x931715fee2d06333043d11f658c8ce934ac61d0c'],,,1.48377,,,,2026-02-16T00:34:30.525160,2026-02-16,0,0.52315,0.025365,10.141164973627374,<$1M,0.9388848164980698,Tier 4 - New/Niche,Other,Fiat-backed
Moonbeam,moonwell-lending,XCUSDC,25054,0.70553,0.30217,1.0077,"['0x511ab53f793683763e5a8829738301368a2411e3', '0x0000000000000000000000000000000000000000']",2e10b83a-f3a0-4049-9424-46dde27db611,-0.01897,0.00185,-2.09712,True,no,single,"{'predictedClass': 'Stable/Up', 'predictedProbability': 65, 'binnedConfidence': 2}",,10.30677,0.44259,660,False,['0xffffffff7d2b0b761af01ca8e25242976ac0ad7d'],,,2.08512,,,,2026-02-16T00:34:30.525160,2026-02-16,0,1.0774199999999998,0.025054,10.128828687393826,<$1M,0.6388279595795667,Tier 4 - New/Niche,Other,Fiat-backed
Gnosis,sparklend,USDC,24424,1.49695,,1.49695,,698bf55b-1f51-45d5-b8d6-c27ccd0c28c0,0.0,0.0,-2.25545,True,no,single,"{'predictedClass': 'Stable/Up', 'predictedProbability': 70, 'binnedConfidence': 2}",,3.30974,0.08275,615,False,['0xDDAfbb505ad214D7b80b1f830fcCc89B60fb7A83'],,,2.7644,,,,2026-02-16T00:34:30.525160,2026-02-16,0,1.2674500000000002,0.024424,10.103362476910984,<$1M,0.8469546521825227,Tier 2 - Established,Sidechain,Fiat-backed
Ethereum,euler-v2,USDF,23769,0.91932,,0.91932,,44293f7f-2e0d-4904-a336-f53b5970abfe,-3e-05,0.00801,,True,no,single,"{'predictedClass': 'Stable/Up', 'predictedProbability': 76, 'binnedConfidence': 3}",EVK Vault eUSDf-1,10.17997,0.52417,183,False,['0xFa2B947eEc368f42195f24F36d2aF29f7c24CeC2'],,,4.16679,,,,2026-02-16T00:34:30.525160,2026-02-16,0,3.24747,0.023769,10.07617956035424,<$1M,0.24531750754509044,Tier 3 - Emerging,L1 - Ethereum,Other
Arbitrum,radiant-v2,USDC,23276,0.72079,,0.72079,,ea25cc6f-5dde-4c95-ab8e-243025784187,0.0,0.02877,-1.42723,True,no,single,"{'predictedClass': 'Stable/Up', 'predictedProbability': 66, 'binnedConfidence': 2}",isolated,1.99084,0.04559,74,False,['0xaf88d065e77c8cC2239327C5EDb3A432268e5831'],,,1.26288,,,,2026-02-16T00:34:30.525160,2026-02-16,0,0.54209,0.023276,10.055221027562059,<$1M,0.6916773023443273,Tier 3 - Emerging,L2 - Rollup,Fiat-backed
Metis,aave-v3,M.DAI,22319,0.00247,,0.00247,,3cebd626-5ee5-4699-9f6c-090918bc5ebd,0.0,0.0,0.0002,True,no,single,"{'predictedClass': 'Stable/Up', 'predictedProbability': 66, 'binnedConfidence': 2}",,4.35821,0.1785,806,False,['0x4c078361FC9BbB78DF910800A991C7c3DD2F6ce0'],,,0.00233,,,,2026-02-16T00:34:30.525160,2026-02-16,0,0.00013999999999999993,0.022319,10.013238416495247,<$1M,0.004938617187187587,Tier 1 - Blue Chip,Other,Decentralized
Avalanche,euler-v2,USDT,22019,31.00757,,31.00757,,ab6d490b-0970-49e6-8859-545df298e1f5,0.0009,0.00276,-0.09406,True,no,single,"{'predictedClass': 'Down', 'predictedProbability': 90, 'binnedConfidence': 3}",EVK Vault eUSDt-3,14.5677,0.39744,253,False,['0x9702230A8Ea53601f5cD2dc00fDBc13d4dF4A8c7'],,,31.05198,,,,2026-02-16T00:34:30.525160,2026-02-16,0,0.04440999999999917,0.022019,9.999706410276671,<$1M,56.956282948513156,Tier 3 - Emerging,Sidechain,Fiat-backed
Arbitrum,euler-v2,USDC,22012,3.67947,,3.67947,,d710ca08-6f7d-4617-8909-7d00486a226c,-0.27375,-0.43531,-1.2277,True,no,single,"{'predictedClass': 'Down', 'predictedProbability': 69, 'binnedConfidence': 2}",EVK Vault eUSDC-1,4.45024,0.17281,233,False,['0xaf88d065e77c8cC2239327C5EDb3A432268e5831'],,,4.38038,,,,2026-02-16T00:34:30.525160,2026-02-16,0,0.7009099999999999,0.022012,9.99938846691333,<$1M,3.063901541331157,Tier 3 - Emerging,L2 - Rollup,Fiat-backed
Ethereum,silo-v2,USDC,18624,0.42555,,0.42555,,1f4e1c87-e20a-4fdc-b4f9-5e182b9bb627,,-0.86999,,True,no,single,"{'predictedClass': 'Stable/Up', 'predictedProbability': 74, 'binnedConfidence': 2}",127,5.29426,0.15708,186,False,['0xA0b86991c6218b36c1d19D4a2e9Eb0cE3606eB48'],,,3.79243,,,,2026-02-16T00:34:30.525160,2026-02-16,0,3.36688,0.018624,9.83226004324776,<$1M,0.11004996276067526,Tier 4 - New/Niche,L1 - Ethereum,Fiat-backed
Ethereum,euler-v2,USDC,17000,3.44405,,3.44405,,a02c4fea-b826-4b8e-96c1-051320e42a9e,-6e-05,,-0.8861,True,no,single,"{'predictedClass': 'Stable/Up', 'predictedProbability': 66, 'binnedConfidence': 2}",EVK Vault eUSDC-60,8.80466,0.26133,172,False,['0xA0b86991c6218b36c1d19D4a2e9Eb0cE3606eB48'],,,3.71485,,,,2026-02-16T00:34:30.525160,2026-02-16,0,0.2708000000000004,0.017,9.741027444837728,<$1M,4.468149974052929,Tier 3 - Emerging,L1 - Ethereum,Fiat-backed
Optimism,aave-v3,LUSD,15607,2.12881,,2.12881,,9e127768-292f-4773-9289-2ce7997bb285,0.00039,0.00373,,True,no,single,"{'predictedClass': 'Stable/Up', 'predictedProbability': 69, 'binnedConfidence': 2}",,4.40045,0.2046,1004,False,['0xc40F949F8a4e094D1b49a23ea9241D289B7b2819'],,,4.51091,,,,2026-02-16T00:34:30.525160,2026-02-16,0,2.3821,0.015607,9.655538882302947,<$1M,0.7386315533812151,Tier 1 - Blue Chip,L2 - Rollup,Decentralized
Avalanche,benqi-lending,BUSD,15042,3.77041,0.0,3.77041,"['0x8729438eb15e2c8b576fcc6aecda6a148776c0f5', '0xb31f66aa3c1e785363f0875a1b74e27b85fd66c7']",f14599e7-ac5d-43ec-a999-f452a30b83ce,0.0,0.0,-0.30097,True,no,single,"{'predictedClass': 'Down', 'predictedProbability': 51, 'binnedConfidence': 1}",,4.09905,0.0856,1141,False,['0x9C9e5fD8bbc25984B178FdCE6117Defa39d2db39'],,,3.90616,,,,2026-02-16T00:34:30.525160,2026-02-16,0,0.13574999999999982,0.015042,9.618668045697824,<$1M,5.930648839952814,Tier 3 - Emerging,Sidechain,Fiat-backed
Ethereum,euler-v2,USDC,14861,1.23469,,1.23469,,5ee539c7-cfae-41c7-8bf4-b3d2522c33f0,-5e-05,,,True,no,single,"{'predictedClass': 'Stable/Up', 'predictedProbability': 54, 'binnedConfidence': 1}",EVK Vault eUSDC-98,1.07676,0.02144,7,False,['0xA0b86991c6218b36c1d19D4a2e9Eb0cE3606eB48'],,,2.46128,,,,2026-02-16T00:34:30.525160,2026-02-16,0,1.2265899999999998,0.014861,9.606562898717415,<$1M,0.7151031802570386,Tier 3 - Emerging,L1 - Ethereum,Fiat-backed
Ethereum,aave-v3,FRAX,14681,0.00142,,0.00142,,814326a1-e8f9-4dcd-9b35-952350ab74f7,0.0,0.0,,True,no,single,"{'predictedClass': 'Stable/Up', 'predictedProbability': 62, 'binnedConfidence': 2}",etherfi-market,1.12097,0.10293,399,False,['0x853d955aCEf822Db058eb8505911ED77F175b99e'],,,1.35017,,,,2026-02-16T00:34:30.525160,2026-02-16,0,1.3487500000000001,0.014681,9.594377532670727,<$1M,0.0007680865449628127,Tier 1 - Blue Chip,L1 - Ethereum,Decentralized
Ethereum,ajna-v2,USDC-SDAI,14586,1.03016,,1.03016,,810ac523-b0e2-44cc-9fb6-bb9205f265da,0.0,0.0,,True,no,multi,"{'predictedClass': 'Stable/Up', 'predictedProbability': 60, 'binnedConfidence': 1}",sDAI collateral,1.03016,0.0,19,False,['0xA0b86991c6218b36c1d19D4a2e9Eb0cE3606eB48'],,,1.03016,,,,2026-02-16T00:34:30.525160,2026-02-16,0,0.0,0.014586,9.587886000086213,<$1M,2.06032,Tier 4 - New/Niche,L1 - Ethereum,Fiat-backed
Base,euler-v2,USDC,13210,1.7094,,1.7094,,0fe9698a-78fc-46c5-b2ca-0fb658258ab0,,,,True,no,single,"{'predictedClass': None, 'predictedProbability': None, 'binnedConfidence': None}",Euler Earn USDC,1.7094,0.0,1,False,['0x833589fCD6eDb6E08f4c7C32D4f71b54bdA02913'],,,1.66082,,,,2026-02-16T00:34:30.525160,2026-02-16,0,0.04858000000000007,0.01321,9.488805094878353,<$1M,3.116045061795909,Tier 3 - Emerging,L2 - Rollup,Fiat-backed
Linea,euler-v2,USDT,11650,6.30596,,6.30596,,2233ee0d-e68e-4256-83ef-c9fd04f57c4b,-0.00044,-0.01688,0.02143,True,no,single,"{'predictedClass': 'Down', 'predictedProbability': 74, 'binnedConfidence': 2}",EVK Vault eUSDT-1,5.9608,0.46612,150,False,['0xA219439258ca9da29E9Cc4cE5596924745e12B93'],,,5.53824,,,,2026-02-16T00:34:30.525160,2026-02-16,0,0.7677199999999997,0.01165,9.36314729221994,<$1M,4.97425298961916,Tier 3 - Emerging,L2 - Rollup,Fiat-backed
Avalanche,silo-v2,USDC,11341,19.35282,,19.35282,,b865d4dc-ffd5-4fd6-9479-0d7932d6a9e6,,9.97781,,True,no,single,"{'predictedClass': 'Down', 'predictedProbability': 88, 'binnedConfidence': 3}",125,12.99223,0.57323,179,False,['0xB97EF9Ef8734C71904D8002F8b6Bc66Dd9c48a6E'],,,16.78019,,,,2026-02-16T00:34:30.525160,2026-02-16,0,2.57263,0.011341,9.336267928573973,<$1M,6.2984544185274505,Tier 4 - New/Niche,Sidechain,Fiat-backed
Scroll,compound-v3,USDC,10705,2.27881,0.0,2.27881,['0x643e160a3C3E2B7eae198f0beB1BfD2441450e86'],9b255e6c-a36c-4bac-a93a-be70b6be90f5,,0.00167,,True,no,single,"{'predictedClass': 'Down', 'predictedProbability': 51, 'binnedConfidence': 1}",,3.66396,0.13822,324,False,['0x06eFdBFf2a14a7c8E15944D1F4A48F9F95F663A4'],,,7.2322,,,,2026-02-16T00:34:30.525160,2026-02-16,0,4.95339,0.010705,9.278559610953327,<$1M,0.41787035220294166,Tier 1 - Blue Chip,L2 - Rollup,Fiat-backed
